SiteID,SpecCode,IndividID,d15N,d13C,WtN,WtC,CN,SampType,SampDate,SampYR,fishID,TL_mm,trophic,SpecimenID,Comments
Greenbelt,BNT,98,13,-25.4,14.6,46.7,3.2,M1,8/1/13,2013,0813GBBNT16,310,Fish,98-0813gbbnt16,
Greenbelt,BNT,99,13.6,-25,14.1,45.8,3.3,M1,8/1/13,2013,0813GBBNT39,313,Fish,99-0813gbbnt39,
Private Ranch,BNT,101,9.6,-24.7,14.5,45.9,3.2,M1,8/1/13,2013,0813MMBNT25,320,Fish,101-0813mmbnt25,
Private Ranch,BNT,102,9.7,-25.2,14.6,46.1,3.2,M1,8/1/13,2013,0813MMBNT27,310,Fish,102-0813mmbnt27,
Private Ranch,CSH,104,8.7,-27.5,12.7,42.5,3.4,M1,8/1/13,2013,0813MMCSH01,75,Fish,104-0813mmcsh01,
Private Ranch,FHM,105,8.5,-30.3,13.2,45.5,3.5,M1,8/1/13,2013,0813MMFHM03,55,Fish,105-0813mmfhm03,
Private Ranch,FHM,106,7.8,-28.3,13.5,46.3,3.4,M1,8/1/13,2013,0813MMFHM02,70,Fish,106-0813mmfhm02,
Greenbelt,WHS,107,11.6,-26.9,13.5,45.2,3.4,M1,8/1/13,2013,0813GBWHS03,94,Fish,107-0813gbwhs03,
Private Ranch,FHM,108,9.7,-29.4,13.9,47.5,3.4,M1,8/1/13,2013,0813MMFHM01,69,Fish,108-0813mmfhm01,
Greenbelt,WHS,109,9.9,-27.9,14.1,46.6,3.3,M1,8/1/13,2013,0813GBWHS01,100,Fish,109-0813gbwhs01,
Greenbelt,yoyCRP,110,8.4,-26.8,14.3,47.4,3.3,M1,8/1/13,2013,0813GByoyCRP02,50,Fish,110-0813gbcrpyoy02,
Greenbelt,LND,111,13,-28.3,13.7,47.8,3.5,M1,8/1/13,2013,0813GBLND01,53,Fish,111-0813gblnd01,
Greenbelt,FHM,112,9.6,-29.5,12.2,40.8,3.3,M1,8/1/13,2013,0813GBFHM02,67,Fish,112-0813gbfhm02,
Greenbelt,yoyBNT,113,10,-28.2,14.8,47.2,3.2,M1,8/1/13,2013,0813GByoyBNT03,65,Fish,113-0813gbbntyoy03,
Greenbelt,yoyCRP,114,9,-26.8,14.2,47,3.3,M1,8/1/13,2013,0813GByoyCRP01,61,Fish,114-0813gbcrpyoy01,
Greenbelt,yoyBNT,115,10.2,-27.8,14.7,47.7,3.3,M1,8/1/13,2013,0813GByoyBNT01,80,Fish,115-0813gbbntyoy01,
Greenbelt,yoyBNT,116,10.8,-29.2,14.8,48.7,3.3,M1,8/1/13,2013,0813GByoyBNT02,70,Fish,116-0813gbbntyoy02,
Greenbelt,FHM,117,12.4,-27.8,14.4,49.2,3.4,M1,8/1/13,2013,0813GBFHM01,80,Fish,117-0813gbfhm01,
Greenbelt,FHM,118,11.1,-28.4,14.3,47.9,3.4,M1,8/1/13,2013,0813GBFHM03,60,Fish,118-0813gbfhm03,
Greenbelt,CSH,119,12.9,-26.6,14.5,48.3,3.3,M1,8/1/13,2013,0813GBCSH01,76,Fish,119-0813gbcsh01,
Greenbelt,WHS,120,10.8,-28.2,13.9,47.8,3.4,M1,8/1/13,2013,0813GBWHS02,105,Fish,120-0813gbwhs02,
Private Ranch,CSH,121,9.1,-27,14.1,48.4,3.4,M1,8/1/13,2013,0813MMCSH02,63,Fish,121-0813mmcsh02,
Private Ranch,CSH,122,9.1,-26.9,12.8,43.8,3.4,M1,8/1/13,2013,0813MMCSH03,62,Fish,122-0813mmcsh03,
Private Ranch,JDT,229,9.9,-27.2,14.9,49.8,3.3,M1,8/1/13,2013,0813mmJDT02,54,Fish,229-0813mmjdt02,
Greenbelt,yoyCRP,230,10.8,-27.7,14.3,47.3,3.3,M1,8/1/13,2013,0813GByoyCRP03,65,Fish,230-0813gbcrpyoy03,
Greenbelt,LNS,231,12.7,-29.7,14.9,49.3,3.3,M1,8/1/13,2013,0813GBLNS02,127,Fish,231-0813gblns02,
Greenbelt,IOD,232,11,-27.5,14.3,47.7,3.3,M1,8/1/13,2013,0813GBIOD02,57,Fish,232-0813gbiod02,
Private Ranch,JDT,233,10.4,-27.5,14.9,49.2,3.3,M1,8/1/13,2013,0813mmJDT03,60,Fish,233-0813mmjdt03,
Greenbelt,CKC,234,12.7,-25.4,15,48.5,3.2,M1,8/1/13,2013,0813GBCKC01,98,Fish,234-0813gbckc01,
Private Ranch,IOD,235,9.8,-27.5,13.5,44.6,3.3,M1,8/1/13,2013,0813mmIOD03,48,Fish,235-0813mmiod03,
Greenbelt,LND,236,12.5,-29,14.2,49.5,3.5,M1,8/1/13,2013,0813GBLND03,,Fish,236-0813gblnd03,
Private Ranch,LNS,237,8.2,-29.8,14.7,48.7,3.3,M1,8/1/13,2013,0813mmLNS02,125,Fish,237-0813mmlns02,
Greenbelt,LNS,238,12.5,-28.8,14.2,47.5,3.3,M1,8/1/13,2013,0813GBLNS01,105,Fish,238-0813gblns01,
Private Ranch,IOD,239,10,-27.3,14.8,49.2,3.3,M1,8/1/13,2013,0813mmIOD01,56,Fish,239-0813mmiod01,
Private Ranch,LNS,240,8.5,-29.2,14.8,49.7,3.4,M1,8/1/13,2013,0813mmLNS01,110,Fish,240-0813mmlns01,
Greenbelt,BMN,241,12,-27.6,13.9,46.7,3.4,M1,8/1/13,2013,0813GBBMN01,44,Fish,241-0813gbbmn01,
Greenbelt,CKC,242,11.9,-26.4,14,47,3.4,M1,8/1/13,2013,0813GBCKC02,80,Fish,242-0813gbckc02,
Greenbelt,LND,243,12.3,-28.2,14.7,48.8,3.3,M1,8/1/13,2013,0813GBLND02(TL,72,Fish,243-0813gblnd02,
Greenbelt,CKC,244,13,-25.8,14.4,48.5,3.4,M1,8/1/13,2013,0813GBCKC03,88,Fish,244-0813gbckc03,
Greenbelt,BMN,245,11.6,-30.2,14.5,49.4,3.4,M1,8/1/13,2013,0813GBBMN02,45,Fish,245-0813gbbmn02,
Greenbelt,CSH,246,12,-26.7,13.6,46.2,3.4,M1,8/1/13,2013,0813GBCSH03,60,Fish,246-0813gbcsh03,
Private Ranch,LND,378,8.6,-28.6,14.2,47.8,3.4,M1,8/1/13,2013,0813mmLND03(TL,68,Fish,378,
Private Ranch,yoyBNT,379,8.8,-28.5,14.6,47.4,3.2,M1,8/1/13,2013,0813mmyoy-BNT01,78,Fish,379,
Private Ranch,CKC,380,9,-27,14.8,48.7,3.3,M1,8/1/13,2013,0813mmCKC01,82,Fish,380,
Private Ranch,WHS,381,8.5,-28.9,14.8,48.8,3.3,M1,8/1/13,2013,0813mmWHS02,97,Fish,381,
Private Ranch,LND,382,9.2,-28.6,14,47.3,3.4,M1,8/1/13,2013,0813mmLND02,72,Fish,382,
Private Ranch,CKC,383,8.9,-27.6,14,46.7,3.3,M1,8/1/13,2013,0813mmCKC03,85,Fish,383,
Private Ranch,LND,384,9.1,-29,13.9,47,3.4,M1,8/1/13,2013,0813mmLND01,72,Fish,384,
Private Ranch,yoyBNT,385,9.2,-29.1,14.7,48.3,3.3,M1,8/1/13,2013,0813mmyoy-BNT02,75,Fish,385,
Private Ranch,WHS,386,8,-28.3,14.7,48.6,3.3,M1,8/1/13,2013,0813mmWHS03,80,Fish,386,
Private Ranch,yoy,387,8.9,-27.8,14.7,48,3.3,M1,8/1/13,2013,0813mmyoyBNT03,75,Fish,387,
Private Ranch,BMN,388,7.4,-29.5,9.2,31.1,3.4,M1,8/1/13,2013,0813mmBMN01,55,Fish,388,
Private Ranch,WHS,389,8.6,-27.8,14.3,46.8,3.3,M1,8/1/13,2013,0813mmWHS01,100,Fish,389,
Private Ranch,CKC,390,9,-26.9,13.8,46,3.3,M1,8/1/13,2013,0813mmCKC02,80,Fish,390,
Private Ranch,BNT,391,10.2,-24.7,16,48.3,3,M1,8/1/13,2013,0813mmBNT05,570,Fish,391,
Private Ranch,BNT,392,9.8,-25.6,15.1,49.3,3.3,M1,8/1/13,2013,0813mmBNT11,345,Fish,392,
Private Ranch,BNT,393,9.5,-26.4,14.7,47.5,3.2,M1,8/1/13,2013,0813mmBNT18,195,Fish,393,
Private Ranch,BNT,394,9.1,-26.6,14.9,47.8,3.2,M1,8/1/13,2013,0813mmBNT19,140,Fish,394,
Private Ranch,BNT,395,10.5,-25.8,16.5,50.8,3.1,M1,8/1/13,2013,0813mmBNT01,343,Fish,395,
Private Ranch,BNT,396,10.3,-26.4,13.9,47.3,3.4,M1,8/1/13,2013,0813mmBNT31,240,Fish,396,
Private Ranch,BNT,397,9.3,-25.6,14.3,47.7,3.3,M1,8/1/13,2013,0813mmBNT32,290,Fish,397,
Private Ranch,BNT,398,9.3,-24.8,15.2,48.4,3.2,M1,8/1/13,2013,0813mmBNT29,470,Fish,398,Replcate samples.
Private Ranch,BNT,398,9.7,-24.3,16,48,3,M1,8/1/13,2013,0813mmBNT29,470,Fish,398,Replcate samples.
Private Ranch,BNT,399,9.4,-25.4,15.5,48.3,3.1,M1,8/1/13,2013,0813mmBNT02,,Fish,399,
Private Ranch,BNT,400,9.5,-24.3,15.8,48.9,3.1,M1,8/1/13,2013,0813mmBNT23,,Fish,400,
Private Ranch,BNT,401,9.9,-26.1,14.7,48.5,3.3,M1,8/1/13,2013,0813mmBNT17,,Fish,401,
Private Ranch,BNT,402,9.8,-25.5,14.6,47.8,3.3,M1,8/1/13,2013,0813mmBNT12(TL,416,Fish,402,
Private Ranch,BNT,403,9.6,-25.3,15.3,49.1,3.2,M1,8/1/13,2013,0813mmBNT04,410,Fish,403,
Private Ranch,BNT,404,9.8,-25.4,15.1,47,3.1,M1,8/1/13,2013,0813mmBNT20,,Fish,404,
Private Ranch,BNT,405,9.4,-24.6,16.2,49.2,3,M1,8/1/13,2013,0813mmBNT24,500,Fish,405,Replcate samples.
Private Ranch,BNT,405,9.5,-25.4,15.4,48.7,3.2,M1,8/1/13,2013,0813mmBNT24,500,Fish,405,Replicates outside QAQC tolerance. Use caution.
Private Ranch,BNT,406,10.1,-26,15,47.9,3.2,M1,8/1/13,2013,0813mmBNT14(TL,368,Fish,406,
Private Ranch,BNT,407,9.9,-25.3,15.1,48.3,3.2,M1,8/1/13,2013,0813mmBNT06,330,Fish,407,
Private Ranch,BNT,408,10.4,-25.3,15.2,47.4,3.1,M1,8/1/13,2013,0813mmBNT30,335,Fish,408,
Private Ranch,BNT,409,9.8,-25.8,15.4,49.5,3.2,M1,8/1/13,2013,0813mmBNT13,410,Fish,409,
Private Ranch,BNT,410,9.9,-25.2,14.7,46.5,3.2,M1,8/1/13,2013,0813mmBNT03,360,Fish,410,
Private Ranch,BNT,411,9.8,-25.9,14.6,50.3,3.4,M1,8/1/13,2013,0813mmBNT26,445,Fish,411,
Private Ranch,BNT,412,10.3,-26.2,13.6,46.2,3.4,M1,8/1/13,2013,0813mmBNT22,,Fish,412,
Private Ranch,BNT,413,10.2,-25.3,15.2,48.3,3.2,M1,8/1/13,2013,0813mmBNT15,,Fish,413,
Private Ranch,BNT,414,9.6,-26.1,14.6,49,3.4,M1,8/1/13,2013,0813mmBNT16,,Fish,414,
Private Ranch,BNT,415,9.5,-26,14.5,47.1,3.2,M1,8/1/13,2013,0813mmBNT08,,Fish,415,
Private Ranch,BNT,416,9.6,-26,15.3,48.9,3.2,M1,8/1/13,2013,0813mmBNT07,253,Fish,416,
Private Ranch,BNT,417,10.1,-25.7,14.8,47.1,3.2,M1,8/1/13,2013,0813mmBNT21,445,Fish,417,
Private Ranch,BNT,418,9.4,-24.7,15.7,48.4,3.1,M1,8/1/13,2013,0813mmBNT28,470,Fish,418,
Private Ranch,BNT,419,8.7,-27.4,14.9,50,3.4,M1,8/1/13,2013,0813mmBNT09,,Fish,419,
Greenbelt,BNT,420,12.1,-25.4,15.4,49,3.2,M1,8/1/13,2013,0813GBBNT01,356,Fish,420,
Greenbelt,BNT,421,12.6,-25.1,15.1,47.2,3.1,M1,8/1/13,2013,0813GBBNT03,413,Fish,421,
Greenbelt,BNT,422,11.7,-26.5,14.5,47.8,3.3,M1,8/1/13,2013,0813GBBNT29,140,Fish,422,
Greenbelt,BNT,423,12.3,-26.1,15.1,49,3.3,M1,8/1/13,2013,0813GBBNT30,216,Fish,423,
Greenbelt,BNT,424,11.9,-26.4,14.8,49.6,3.3,M1,8/1/13,2013,0813GBBNT25,195,Fish,424,
Greenbelt,BNT,425,12,-26.2,14.6,49.8,3.4,M1,8/1/13,2013,0813GBBNT33,179,Fish,425,
Greenbelt,BNT,426,13.4,-25.5,14.8,47.7,3.2,M1,8/1/13,2013,0813GBBNT06,304,Fish,426,
Greenbelt,BNT,427,12.7,-26.3,14.2,48.7,3.4,M1,8/1/13,2013,0813GBBNT21,220,Fish,427,Replcate samples.
Greenbelt,BNT,427,12.7,-26.4,14.2,48,3.4,M1,8/1/13,2013,0813GBBNT21,220,Fish,427,Replcate samples.
Greenbelt,BNT,428,11.9,-26.3,14.3,48.1,3.4,M1,8/1/13,2013,0813GBBNT31,185,Fish,428,
Greenbelt,BNT,429,12.9,-26.1,14.1,48.7,3.4,M1,8/1/13,2013,0813GBBNT17,250,Fish,429,
Greenbelt,BNT,430,12,-26.7,14.8,49.3,3.3,M1,8/1/13,2013,0813GBBNT35,170,Fish,430,
Greenbelt,BNT,432,11.3,-26.1,15,49.4,3.3,M1,8/1/13,2013,0813GBBNT26,133,Fish,432,
Greenbelt,BNT,433,13,-25.9,15,48.7,3.2,M1,8/1/13,2013,0813GBBNT11,330,Fish,433,
Greenbelt,BNT,434,13.6,-24.8,14.3,47,3.3,M1,8/1/13,2013,0813GBBNT40,274,Fish,434,
Greenbelt,BNT,435,13.3,-25.5,14.6,48.8,3.3,M1,8/1/13,2013,0813GBBNT12,275,Fish,435,
Greenbelt,BNT,436,11.6,-25.7,15.6,49.5,3.2,M1,8/1/13,2013,0813GBBNT15,289,Fish,436,
Greenbelt,BNT,438,12.2,-25.5,15.1,49.8,3.3,M1,8/1/13,2013,0813GBBNT24,219,Fish,438,
Greenbelt,BNT,439,12.7,-25.3,14.7,48.5,3.3,M1,8/1/13,2013,0813GBBNT32,203,Fish,439,
Greenbelt,BNT,440,13.3,-25,14.8,48.6,3.3,M1,8/1/13,2013,0813GBBNT13,270,Fish,440,
Greenbelt,BNT,441,14.1,-25.3,15.2,49.9,3.3,M1,8/1/13,2013,0813GBBNT05,340,Fish,441,
Greenbelt,BNT,442,13.5,-25.3,15.5,47.8,3.1,M1,8/1/13,2013,0813GBBNT10,340,Fish,442,
Greenbelt,BNT,443,14.3,-25.2,15.1,49.1,3.2,M1,8/1/13,2013,0813GBBNT07,345,Fish,443,
Greenbelt,BNT,445,12.7,-26.1,15.1,51.2,3.4,M1,8/1/13,2013,0813GBBNT19,254,Fish,445,
Greenbelt,BNT,446,12.9,-25.1,15.6,48.6,3.1,M1,8/1/13,2013,0813GBBNT02,390,Fish,446,
Greenbelt,BNT,447,11.9,-26,15.9,49.5,3.1,M1,8/1/13,2013,0813GBBNT04,433,Fish,447,
Greenbelt,BNT,448,12.1,-25.3,15.1,49.9,3.3,M1,8/1/13,2013,0813GBBNT27,235,Fish,448,
Greenbelt,BNT,449,12.7,-25.6,14.7,48.9,3.3,M1,8/1/13,2013,0813GBBNT20,240,Fish,449,
Greenbelt,BNT,450,12.4,-25.7,14.9,49.6,3.3,M1,8/1/13,2013,0813GBBNT22,225,Fish,450,
Greenbelt,BNT,451,13.3,-25.5,14.2,44.9,3.2,M1,8/1/13,2013,0813GBBNT14,280,Fish,451,Replcate samples.
Greenbelt,BNT,451,13.3,-25.9,15,48.8,3.3,M1,8/1/13,2013,0813GBBNT14,280,Fish,451,Replcate samples.
Greenbelt,BNT,452,14,-25.7,13.8,45.2,3.3,M1,8/1/13,2013,0813GBBNT09,279,Fish,452,Replcate samples.
Greenbelt,BNT,452,14.1,-25.5,14.8,48.4,3.3,M1,8/1/13,2013,0813GBBNT09,279,Fish,452,Replcate samples.
Greenbelt,BNT,453,12.7,-25.3,14.3,47,3.3,M1,8/1/13,2013,0813GBBNT41,283,Fish,453,
Greenbelt,BNT,454,12.3,-25.5,15.5,48.7,3.1,M1,8/1/13,2013,0813GBBNT36,269,Fish,454,
Greenbelt,BNT,455,12.4,-25.8,15.4,48.3,3.1,M1,8/1/13,2013,0813GBBNT38,310,Fish,455,
Greenbelt,BNT,456,13.9,-25.2,15.1,48.2,3.2,M1,8/1/13,2013,0813GBBNT08,298,Fish,456,
Greenbelt,BNT,457,12.9,-25.3,13.7,46.6,3.4,M1,8/1/13,2013,0813GBBNT23,235,Fish,457,
Greenbelt,CKC,472,8.7,-27.3,14.6,48.6,3.3,M1,8/1/13,2013,0813mmCKC08,,Fish,472,Replicate samples.
Greenbelt,CKC,472,8.7,-27.4,13.6,45.1,3.3,M1,8/1/13,2013,0813mmCKC08,,Fish,472,Replicate samples.
Greenbelt,CKC,473,8.7,-27.5,14.5,47,3.2,M1,8/1/13,2013,0813mmCKC06,,Fish,473,
Greenbelt,CKC,474,9.4,-27,14.5,48.7,3.4,M1,8/1/13,2013,0813mmCKC04,,Fish,474,Replicate samples.
Greenbelt,CKC,474,9.5,-26.9,14.5,48.7,3.4,M1,8/1/13,2013,0813mmCKC04,,Fish,474,Replicate samples.
Greenbelt,CKC,475,9.1,-27.2,14.3,46.8,3.3,M1,8/1/13,2013,0813mmCKC05,,Fish,475,
Greenbelt,CKC,476,8.4,-27.3,14.8,47,3.2,M1,8/1/13,2013,0813mmCKC14,,Fish,476,
Greenbelt,CKC,477,8.5,-27.1,14.3,48.1,3.4,M1,8/1/13,2013,0813mmCKC07,,Fish,477,
Greenbelt,CKC,478,9,-26.9,15,48.5,3.2,M1,8/1/13,2013,0813mmCKC09,,Fish,478,
Greenbelt,CKC,479,8.7,-26.7,14.6,47.8,3.3,M1,8/1/13,2013,0813mmCKC10,,Fish,479,
Greenbelt,CKC,480,8.8,-27,14.6,48.3,3.3,M1,8/1/13,2013,0813mmCKC11,,Fish,480,
Greenbelt,CKC,481,8.7,-28,14,46.5,3.3,M1,8/1/13,2013,0813mmCKC12,,Fish,481,
Greenbelt,CKC,482,8.6,-28,13.1,43,3.3,M1,8/1/13,2013,0813mmCKC13,,Fish,482,
Greenbelt,CKC,483,9.1,-26.8,14.7,48.8,3.3,M1,8/1/13,2013,0813mmCKC18,,Fish,483,
Greenbelt,CKC,484,9.7,-27,14.8,49.4,3.3,M1,8/1/13,2013,0813mmCKC22,,Fish,484,
Greenbelt,CKC,485,8.7,-27.3,14.5,48,3.3,M1,8/1/13,2013,0813mmCKC21,,Fish,485,
Greenbelt,CKC,486,8.9,-27.6,14.2,46.8,3.3,M1,8/1/13,2013,0813mmCKC16,,Fish,486,
Greenbelt,CKC,487,8.3,-27.1,15,49,3.3,M1,8/1/13,2013,0813mmCKC15,,Fish,487,
Greenbelt,CKC,488,8.7,-26.7,14.9,49.3,3.3,M1,8/1/13,2013,0813mmCKC17,,Fish,488,
Greenbelt,CKC,489,9.1,-27.5,12.4,41.3,3.3,M1,8/1/13,2013,0813mmCKC19,,Fish,489,
Greenbelt,CKC,490,9.1,-27.6,13.5,45.4,3.4,M1,8/1/13,2013,0813mmCKC24,,Fish,490,
Greenbelt,CKC,491,9.4,-27.6,15.6,52.6,3.4,M1,8/1/13,2013,0813mmCKC23,,Fish,491,
Greenbelt,CKC,492,9.1,-27.2,14.8,48.9,3.3,M1,8/1/13,2013,0813mmCKC20,,Fish,492,
Greenbelt,CKC,493,9.1,-27.4,13.8,46.5,3.4,M1,8/1/13,2013,0813mmCKC25,,Fish,493,
Private Ranch,CKC,494,11.2,-26.7,14.5,48.5,3.3,M1,8/1/13,2013,0813gbCKC20,,Fish,494,
Private Ranch,CKC,495,11.2,-26.7,13.5,45.4,3.4,M1,8/1/13,2013,0813gbCKC18,,Fish,495,
Private Ranch,CKC,496,12,-26,14.8,49.1,3.3,M1,8/1/13,2013,0813gbCKC15,,Fish,496,
Private Ranch,CKC,497,11.6,-25.8,14.8,48.5,3.3,M1,8/1/13,2013,0813gbCKC04,,Fish,497,
Private Ranch,CKC,498,11.4,-26.1,14.7,48.6,3.3,M1,8/1/13,2013,0813gbCKC10,,Fish,498,
Private Ranch,CKC,499,12.4,-26.7,15.2,50.6,3.3,M1,8/1/13,2013,0813gbCKC09,,Fish,499,
Private Ranch,CKC,500,11.7,-26.7,14.4,48.9,3.4,M1,8/1/13,2013,0813gbCKC11,,Fish,500,
Private Ranch,CKC,501,12.4,-26,14.4,48.3,3.4,M1,8/1/13,2013,0813gbCKC05,,Fish,501,Replicate samples.
Private Ranch,CKC,501,12.4,-25.9,14.5,48.6,3.4,M1,8/1/13,2013,0813gbCKC05,,Fish,501,Replicate samples.
Private Ranch,CKC,502,10.8,-27,14.9,49.3,3.3,M1,8/1/13,2013,0813gbCKC17,,Fish,502,
Private Ranch,CKC,503,11.2,-26.1,14.3,47.5,3.3,M1,8/1/13,2013,0813gbCKC16,,Fish,503,
Private Ranch,CKC,504,11.5,-26.7,14.7,49.2,3.4,M1,8/1/13,2013,0813gbCKC13,,Fish,504,
Private Ranch,CKC,505,11.8,-25.6,14.5,48.8,3.4,M1,8/1/13,2013,0813gbCKC21,,Fish,505,
Private Ranch,CKC,506,11.9,-25.6,14.2,47.9,3.4,M1,8/1/13,2013,0813gbCKC12,,Fish,506,
Private Ranch,CKC,507,12.9,-24.6,14.5,47.5,3.3,M1,8/1/13,2013,0813gbCKC22,,Fish,507,
Private Ranch,CKC,508,10.9,-26.4,14.4,47.7,3.3,M1,8/1/13,2013,0813gbCKC14,,Fish,508,
Private Ranch,CKC,509,10.6,-27,14.6,50.1,3.4,M1,8/1/13,2013,0813gbCKC08,,Fish,509,
Private Ranch,CKC,510,12.3,-26.8,14.4,48.4,3.4,M1,8/1/13,2013,0813gbCKC19,,Fish,510,
Private Ranch,CKC,511,12.8,-26.1,14.5,48.8,3.4,M1,8/1/13,2013,0813gbCKC07,,Fish,511,
Private Ranch,CKC,512,12.1,-27.1,14.6,47.9,3.3,M1,8/1/13,2013,0813gbCKC06,,Fish,512,
Greenbelt,LNS,516,12.1,-30.1,14.4,49.1,3.4,M1,8/1/13,2013,0813gbLNS07,,Fish,516,
Greenbelt,LNS,517,12.7,-29.8,14,47.6,3.4,M1,8/1/13,2013,0813gbLNS08,,Fish,517,
Greenbelt,LNS,519,13,-28.6,14,48.4,3.5,M1,8/1/13,2013,0813gbLNS10,,Fish,519,
Greenbelt,LNS,524,12.5,-28.6,13.9,48.1,3.5,M1,8/1/13,2013,0813gbLNS15,,Fish,524,
Greenbelt,LNS,525,12.4,-30.2,14.1,48.3,3.4,M1,8/1/13,2013,0813gbLNS16,,Fish,525,
Greenbelt,LNS,529,11.3,-30.9,14,48.6,3.5,M1,8/1/13,2013,0813gbLNS20,,Fish,529,
Greenbelt,LNS,530,10.9,-29.8,13.6,47.1,3.5,M1,8/1/13,2013,0813gbLNS21,,Fish,530,
Greenbelt,CKC,532,12.4,-26.9,14.7,48.8,3.3,M1,8/1/13,2013,0813gbCKC23,,Fish,532,
Greenbelt,CKC,533,12.5,-24.9,14.1,46.3,3.3,M1,8/1/13,2013,0813gbCKC24,,Fish,533,
Private Ranch,WHS,534,8.5,-27.8,14.6,49,3.4,M1,8/1/13,2013,0813mmWHS04,,Fish,534,
Private Ranch,WHS,535,8.5,-27.6,13.9,47.1,3.4,M1,8/1/13,2013,0813mmWHS05,,Fish,535,
Private Ranch,WHS,536,8.6,-27.8,14.5,47.8,3.3,M1,8/1/13,2013,0813mmWHS06,,Fish,536,
Private Ranch,WHS,537,8.8,-27.7,14.6,48.5,3.3,M1,8/1/13,2013,0813mmWHS07,,Fish,537,
Private Ranch,WHS,538,8.4,-28.7,14.4,48.2,3.3,M1,8/1/13,2013,0813mmWHS08,,Fish,538,
Private Ranch,WHS,539,8.4,-29.2,14.1,46.9,3.3,M1,8/1/13,2013,0813mmWHS09,,Fish,539,
Private Ranch,WHS,540,8.7,-27.8,14.6,48.6,3.3,M1,8/1/13,2013,0813mmWHS10,,Fish,540,
Private Ranch,WHS,541,8.8,-28.9,14.5,47.9,3.3,M1,8/1/13,2013,0813mmWHS11,,Fish,541,
Private Ranch,WHS,542,8.2,-27.7,13.6,45.5,3.4,M1,8/1/13,2013,0813mmWHS12,,Fish,542,
Private Ranch,WHS,543,8.2,-27.4,14.3,47.2,3.3,M1,8/1/13,2013,0813mmWHS13,,Fish,543,
Private Ranch,WHS,544,8.4,-27.9,14.6,48.7,3.3,M1,8/1/13,2013,0813mmWHS14,,Fish,544,
Private Ranch,WHS,545,8.4,-28.5,14.1,47.4,3.4,M1,8/1/13,2013,0813mmWHS15,,Fish,545,
Private Ranch,WHS,546,8.1,-29,14.4,49,3.4,M1,8/1/13,2013,0813mmWHS16,,Fish,546,
Private Ranch,WHS,547,8.6,-27.8,14.8,48.3,3.3,M1,8/1/13,2013,0813mmWHS17,,Fish,547,Replicate samples.
Private Ranch,WHS,547,8.5,-27.8,14.8,48.7,3.3,M1,8/1/13,2013,0813mmWHS17,,Fish,547,Replicate samples.
Private Ranch,WHS,548,8,-28.5,14.5,48.2,3.3,M1,8/1/13,2013,0813mmWHS18,,Fish,548,Replicate samples.
Private Ranch,WHS,548,8,-28.4,14.6,48.5,3.3,M1,8/1/13,2013,0813mmWHS18,,Fish,548,Replicate samples.
Private Ranch,WHS,549,8,-29.7,14.6,48.6,3.3,M1,8/1/13,2013,0813mmWHS19,,Fish,549,
Private Ranch,WHS,550,8.1,-28.3,14,46.4,3.3,M1,8/1/13,2013,0813mmWHS20,,Fish,550,
Private Ranch,WHS,551,8.3,-28.3,14.3,47.2,3.3,M1,8/1/13,2013,0813mmWHS21,,Fish,551,
Private Ranch,WHS,552,8.4,-28.1,14.2,47.1,3.3,M1,8/1/13,2013,0813mmWHS22,,Fish,552,
Private Ranch,WHS,553,8.4,-27.8,14.7,47.5,3.2,M1,8/1/13,2013,0813mmWHS23,,Fish,553,
Greenbelt,LND,554,11.6,-28.7,14,47,3.4,M1,8/1/13,2013,0813gbLND04,,Fish,554,
Greenbelt,LND,555,10.9,-29.4,14.1,48.6,3.5,M1,8/1/13,2013,0813gbLND05,,Fish,555,
Greenbelt,LND,556,11.1,-28.8,14,46.4,3.3,M1,8/1/13,2013,0813gbLND06,,Fish,556,
Greenbelt,LND,557,11.8,-29.1,14.1,47.6,3.4,M1,8/1/13,2013,0813gbLND07,,Fish,557,Replicate samples.
Greenbelt,LND,557,11.7,-29.1,14,47.4,3.4,M1,8/1/13,2013,0813gbLND07,,Fish,557,Replicate samples.
Greenbelt,LND,558,12,-28.9,13.9,48.3,3.5,M1,8/1/13,2013,0813gbLND08,,Fish,558,
Greenbelt,LND,559,11.9,-28.4,14.2,47.4,3.3,M1,8/1/13,2013,0813gbLND09,,Fish,559,
Greenbelt,LND,560,11.8,-27.6,13.9,47.6,3.4,M1,8/1/13,2013,0813gbLND10,,Fish,560,
Greenbelt,LND,561,11.7,-27.6,14.2,47.9,3.4,M1,8/1/13,2013,0813gbLND11,,Fish,561,
Greenbelt,LND,562,12.2,-28.8,13.6,45.6,3.3,M1,8/1/13,2013,0813gbLND12,,Fish,562,
Greenbelt,LND,563,12.4,-28.5,13.4,45.2,3.4,M1,8/1/13,2013,0813gbLND13,,Fish,563,
Greenbelt,LND,564,12.5,-28.3,13.4,46.8,3.5,M1,8/1/13,2013,0813gbLND14,,Fish,564,
Greenbelt,LND,565,12.4,-27.8,13.4,45.8,3.4,M1,8/1/13,2013,0813gbLND15,,Fish,565,
Greenbelt,LND,566,11.7,-29.4,14,48.3,3.5,M1,8/1/13,2013,0813gbLND16,,Fish,566,
Greenbelt,LND,567,11,-28.7,13.8,46.5,3.4,M1,8/1/13,2013,0813gbLND17,,Fish,567,
Greenbelt,LND,568,10.9,-29.2,14.2,48,3.4,M1,8/1/13,2013,0813gbLND18,,Fish,568,
Greenbelt,LND,569,11.8,-29.2,13.9,48.3,3.5,M1,8/1/13,2013,0813gbLND19,,Fish,569,
Greenbelt,LND,570,12,-28.4,13.9,48.6,3.5,M1,8/1/13,2013,0813gbLND20,,Fish,570,
Greenbelt,LND,571,12.1,-28.6,14.2,48.4,3.4,M1,8/1/13,2013,0813gbLND21,,Fish,571,
Greenbelt,LND,572,11.6,-27.9,13.8,46.8,3.4,M1,8/1/13,2013,0813gbLND22,,Fish,572,
Greenbelt,LND,573,12.3,-28.7,13.9,47.2,3.4,M1,8/1/13,2013,0813gbLND23,,Fish,573,
Private Ranch,LND,574,9.3,-29.1,13.9,49.1,3.5,M1,8/1/13,2013,0813mmLND04,,Fish,574,
Private Ranch,LND,575,8.7,-28.6,13.9,47,3.4,M1,8/1/13,2013,0813mmLND05,,Fish,575,
Private Ranch,LND,576,9,-28.2,14.1,48.3,3.4,M1,8/1/13,2013,0813mmLND06,,Fish,576,
Private Ranch,LND,577,8.7,-28.9,14.1,47.6,3.4,M1,8/1/13,2013,0813mmLND07,,Fish,577,
Private Ranch,LND,578,9.3,-29,14.2,48.1,3.4,M1,8/1/13,2013,0813mmLND08,,Fish,578,
Private Ranch,LND,579,9,-28.8,13.9,47.1,3.4,M1,8/1/13,2013,0813mmLND09,,Fish,579,
Private Ranch,LND,580,9.3,-28.6,14.2,48.1,3.4,M1,8/1/13,2013,0813mmLND10,,Fish,580,
Private Ranch,LND,581,9,-28.6,13.7,46.9,3.4,M1,8/1/13,2013,0813mmLND11,,Fish,581,
Private Ranch,LND,582,9,-29.2,14.1,47.8,3.4,M1,8/1/13,2013,0813mmLND12,,Fish,582,
Private Ranch,LND,583,8.8,-28.5,13.8,47.7,3.4,M1,8/1/13,2013,0813mmLND13,,Fish,583,
Private Ranch,LND,584,8.8,-28.4,14,48.5,3.5,M1,8/1/13,2013,0813mmLND14,,Fish,584,
Private Ranch,LND,585,9,-28.9,14,47.9,3.4,M1,8/1/13,2013,0813mmLND15,,Fish,585,
Private Ranch,LND,586,8.9,-29.1,14.1,48.2,3.4,M1,8/1/13,2013,0813mmLND16,,Fish,586,
Private Ranch,LND,587,9.4,-29.2,14,47.3,3.4,M1,8/1/13,2013,0813mmLND17,,Fish,587,
Private Ranch,LND,588,9.1,-28.3,13.5,47.2,3.5,M1,8/1/13,2013,0813mmLND18,,Fish,588,
Private Ranch,LND,589,9.1,-28.9,13.9,48.3,3.5,M1,8/1/13,2013,0813mmLND19,,Fish,589,
Private Ranch,LND,590,9.2,-28.7,13.5,47,3.5,M1,8/1/13,2013,0813mmLND20,,Fish,590,
Private Ranch,CSH,591,9.3,-27.6,14.5,47.6,3.3,M1,8/1/13,2013,0813mmCSH04,,Fish,591,
Private Ranch,CSH,592,9.3,-26.5,14.1,47.2,3.4,M1,8/1/13,2013,0813mmCSH05,,Fish,592,
Private Ranch,CSH,593,8.8,-27.8,14.6,48.1,3.3,M1,8/1/13,2013,0813mmCSH06,,Fish,593,
Private Ranch,CSH,594,9.8,-27.6,14.2,47.5,3.3,M1,8/1/13,2013,0813mmCSH07,,Fish,594,
Private Ranch,CSH,595,8.9,-27.2,14.6,48.2,3.3,M1,8/1/13,2013,0813mmCSH08,,Fish,595,
Private Ranch,CSH,596,9.6,-26.7,14.4,47.9,3.3,M1,8/1/13,2013,0813mmCSH09,,Fish,596,Replicate samples.
Private Ranch,CSH,596,9.6,-27,14.6,48.4,3.3,M1,8/1/13,2013,0813mmCSH09,,Fish,596,Replicate samples.
Private Ranch,CSH,597,8.7,-27,14.3,47.8,3.3,M1,8/1/13,2013,0813mmCSH10,,Fish,597,
Private Ranch,CSH,598,8.4,-27.2,14.4,48,3.3,M1,8/1/13,2013,0813mmCSH11,,Fish,598,
Private Ranch,CSH,599,9.3,-27.9,13.6,46.2,3.4,M1,8/1/13,2013,0813mmCSH12,,Fish,599,
Private Ranch,CSH,600,8.7,-27,13.9,47.5,3.4,M1,8/1/13,2013,0813mmCSH13,,Fish,600,
Private Ranch,CSH,601,8.6,-27.3,14.5,48.5,3.3,M1,8/1/13,2013,0813mmCSH14,,Fish,601,
Private Ranch,CSH,602,9.2,-28.1,14.3,48.4,3.4,M1,8/1/13,2013,0813mmCSH15,,Fish,602,
Private Ranch,CSH,603,8.8,-27.1,14.3,47.5,3.3,M1,8/1/13,2013,0813mmCSH16,,Fish,603,
Private Ranch,CSH,604,8.9,-27.7,14,47.6,3.4,M1,8/1/13,2013,0813mmCSH17,,Fish,604,
Private Ranch,CSH,605,9.2,-26.8,14,46.7,3.3,M1,8/1/13,2013,0813mmCSH18,,Fish,605,
Private Ranch,CSH,606,9.5,-26.6,14.4,47.9,3.3,M1,8/1/13,2013,0813mmCSH19,,Fish,606,
Private Ranch,CSH,607,8.9,-27.2,14.5,49.3,3.4,M1,8/1/13,2013,0813mmCSH20,,Fish,607,
Private Ranch,CSH,608,8.8,-27.6,14.5,48.2,3.3,M1,8/1/13,2013,0813mmCSH21,,Fish,608,
Private Ranch,CSH,609,9.3,-27.5,14.1,48.5,3.4,M1,8/1/13,2013,0813mmCSH22,,Fish,609,
Private Ranch,CSH,610,9,-26.7,14.3,47.8,3.4,M1,8/1/13,2013,0813mmCSH23,,Fish,610,
Private Ranch,CSH,611,9.4,-27.2,14.3,47.8,3.3,M1,8/1/13,2013,0813mmCSH24,,Fish,611,
Private Ranch,CSH,612,9.5,-27.4,14.3,48.3,3.4,M1,8/1/13,2013,0813mmCSH25,,Fish,612,
Greenbelt,yoyBNT,613,10.7,-27.4,14.2,47.3,3.3,M1,8/1/13,2013,0813gbyoybnt04,,Fish,613,
Greenbelt,yoyBNT,614,10.9,-28.7,14.8,48.3,3.3,M1,8/1/13,2013,0813gbyoybnt05,,Fish,614,
Greenbelt,yoyBNT,615,12.6,-27.6,14.6,48.5,3.3,M1,8/1/13,2013,0813gbyoybnt06,,Fish,615,
Greenbelt,yoyBNT,615,11.9,-27.6,13.9,47.3,3.4,M1,8/1/13,2013,0813gbyoybnt06,,Fish,615,
Greenbelt,yoyBNT,616,10.9,-29.3,14,47.4,3.4,M1,8/1/13,2013,0813gbyoybnt07,,Fish,616,
Greenbelt,yoyBNT,617,10.7,-27,14.1,47.2,3.4,M1,8/1/13,2013,0813gbyoybnt08,,Fish,617,
Greenbelt,yoyBNT,618,10.6,-29,14.4,47.7,3.3,M1,8/1/13,2013,0813gbyoybnt09,,Fish,618,
Greenbelt,yoyBNT,619,11,-27.1,14,47.3,3.4,M1,8/1/13,2013,0813gbyoybnt10,,Fish,619,
Greenbelt,yoyBNT,620,9.9,-28,14.6,47.3,3.2,M1,8/1/13,2013,0813gbyoybnt11,,Fish,620,Replicate samples.
Greenbelt,yoyBNT,620,10.1,-27.8,14.7,47.5,3.2,M1,8/1/13,2013,0813gbyoybnt11,,Fish,620,Replicate samples.
Greenbelt,yoyBNT,621,11.8,-27.1,13.8,45.3,3.3,M1,8/1/13,2013,0813gbyoybnt12,,Fish,621,
Greenbelt,yoyBNT,622,11.1,-27.6,14,46.9,3.4,M1,8/1/13,2013,0813gbyoybnt13,,Fish,622,
Greenbelt,yoyBNT,623,10.6,-27.8,13.9,47.2,3.4,M1,8/1/13,2013,0813gbyoybnt14,,Fish,623,
Greenbelt,yoyBNT,624,11.4,-28.3,13.7,46.6,3.4,M1,8/1/13,2013,0813gbyoybnt15,,Fish,624,
Greenbelt,yoyBNT,625,11.4,-27.3,13.5,44.3,3.3,M1,8/1/13,2013,0813gbyoybnt16,,Fish,625,
Greenbelt,yoyBNT,626,11.5,-27.4,14.2,47.6,3.3,M1,8/1/13,2013,0813gbyoybnt17,,Fish,626,
Greenbelt,yoyBNT,627,11.5,-27.7,14.5,48.6,3.4,M1,8/1/13,2013,0813gbyoybnt18,,Fish,627,
Greenbelt,yoyBNT,628,11.1,-29.2,14.6,48.1,3.3,M1,8/1/13,2013,0813gbyoybnt19,,Fish,628,
Greenbelt,yoyBNT,629,9.6,-27.8,14.1,48.1,3.4,M1,8/1/13,2013,0813gbyoybnt20,,Fish,629,
Greenbelt,yoyBNT,630,10.2,-27.9,13.9,47.2,3.4,M1,8/1/13,2013,0813gbyoybnt21,,Fish,630,
Greenbelt,yoyBNT,631,10.4,-28.1,14.4,48.1,3.3,M1,8/1/13,2013,0813gbyoybnt22,,Fish,631,
Greenbelt,yoyBNT,632,9.2,-28.4,14,47.4,3.4,M1,8/1/13,2013,0813gbyoybnt23,,Fish,632,
Greenbelt,yoyBNT,633,10,-28.1,14.5,47.5,3.3,M1,8/1/13,2013,0813gbyoybnt24,,Fish,633,
Private Ranch,yoyBNT,634,8.9,-28.6,14.4,49.2,3.4,M1,8/1/13,2013,0813mmyoybnt04,,Fish,634,
Private Ranch,yoyBNT,635,9.4,-29.9,14,47,3.4,M1,8/1/13,2013,0813mmyoybnt05,,Fish,635,
Private Ranch,yoyBNT,636,9.1,-28.8,14.3,47.5,3.3,M1,8/1/13,2013,0813mmyoybnt06,,Fish,636,
Private Ranch,yoyBNT,637,8.7,-28.1,13.9,46.4,3.4,M1,8/1/13,2013,0813mmyoybnt07,,Fish,637,
Private Ranch,yoyBNT,638,8.7,-28.4,13.9,46.7,3.4,M1,8/1/13,2013,0813mmyoybnt08,,Fish,638,
Private Ranch,yoyBNT,639,9.1,-30.1,14,47.6,3.4,M1,8/1/13,2013,0813mmyoybnt09,,Fish,639,
Private Ranch,yoyBNT,640,8.2,-29.3,13.8,46.4,3.4,M1,8/1/13,2013,0813mmyoybnt10,,Fish,640,
Private Ranch,yoyBNT,641,9.1,-28.2,14.7,48.3,3.3,M1,8/1/13,2013,0813mmyoybnt11,,Fish,641,
Private Ranch,yoyBNT,642,8.7,-29.6,13.7,46.6,3.4,M1,8/1/13,2013,0813mmyoybnt12,,Fish,642,
Private Ranch,yoyBNT,643,8.7,-29.1,14.8,48.2,3.3,M1,8/1/13,2013,0813mmyoybnt13,,Fish,643,Replicate samples.
Private Ranch,yoyBNT,643,8.7,-29,14.4,47.2,3.3,M1,8/1/13,2013,0813mmyoybnt13,,Fish,643,Replicate samples.
Private Ranch,yoyBNT,644,8.9,-28.5,14.4,48.1,3.3,M1,8/1/13,2013,0813mmyoybnt14,,Fish,644,
Private Ranch,yoyBNT,645,8.7,-29.5,14.5,47.7,3.3,M1,8/1/13,2013,0813mmyoybnt15,,Fish,645,
Private Ranch,yoyBNT,646,9,-29.5,14.8,47.9,3.2,M1,8/1/13,2013,0813mmyoybnt16,,Fish,646,
Private Ranch,yoyCRP,647,9.8,-27.5,14,47.4,3.4,M1,8/1/13,2013,0813mmyoycrp04,,Fish,647,
Private Ranch,yoyCRP,648,9.8,-26.6,13.7,46.8,3.4,M1,8/1/13,2013,0813mmyoycrp05,,Fish,648,
Private Ranch,yoyCRP,649,8.7,-26.6,13.8,48,3.5,M1,8/1/13,2013,0813mmyoycrp06,,Fish,649,
Private Ranch,yoyCRP,650,10.2,-26.3,14.2,47.3,3.3,M1,8/1/13,2013,0813mmyoycrp07,,Fish,650,
Private Ranch,yoyCRP,651,10,-26.4,13.9,47.4,3.4,M1,8/1/13,2013,0813mmyoycrp08,,Fish,651,
Private Ranch,yoyCRP,652,11.4,-26.3,13.9,47.5,3.4,M1,8/1/13,2013,0813mmyoycrp09,,Fish,652,
Private Ranch,yoyCRP,653,10.6,-27,14.4,47.2,3.3,M1,8/1/13,2013,0813mmyoycrp10,,Fish,653,
Private Ranch,yoyCRP,654,11.6,-26.2,13.9,48,3.5,M1,8/1/13,2013,0813mmyoycrp11,,Fish,654,
Greenbelt,BMN,655,11.8,-27.2,13.2,46.9,3.6,M1,8/1/13,2013,0813gbBMN03,,Fish,655,Replicate samples.
Greenbelt,BMN,655,11.8,-27.1,13.5,47.4,3.5,M1,8/1/13,2013,0813gbBMN03,,Fish,655,Replicate samples.
Greenbelt,BMN,656,12.4,-27.7,13.8,48.1,3.5,M1,8/1/13,2013,0813gbBMN04,,Fish,656,
Greenbelt,BMN,657,12.3,-27.2,13.6,47.3,3.5,M1,8/1/13,2013,0813gbBMN05,,Fish,657,
Greenbelt,BMN,658,11.9,-29.7,14.5,49.3,3.4,M1,8/1/13,2013,0813gbBMN06,,Fish,658,
Greenbelt,BMN,659,12.6,-28.1,14,49.1,3.5,M1,8/1/13,2013,0813gbBMN07,,Fish,659,Replicate samples.
Greenbelt,BMN,659,12.7,-28.2,14.1,49,3.5,M1,8/1/13,2013,0813gbBMN07,,Fish,659,Replicate samples.
Greenbelt,BMN,660,12.4,-25.2,13.3,46.5,3.5,M1,8/1/13,2013,0813gbBMN08,,Fish,660,
Greenbelt,BMN,661,11.9,-26.4,13.5,47.1,3.5,M1,8/1/13,2013,0813gbBMN09,,Fish,661,
Greenbelt,BMN,662,12.1,-29.9,13.6,48.2,3.5,M1,8/1/13,2013,0813gbBMN10,,Fish,662,
Private Ranch,BMN,663,8.2,-29.9,13.4,46.9,3.5,M1,8/1/13,2013,0813mmBMN04,,Fish,663,
Private Ranch,BMN,664,6.9,-29.6,13.5,46.9,3.5,M1,8/1/13,2013,0813mmBMN05,,Fish,664,
Greenbelt,FHM,665,12,-27.4,13.4,45.7,3.4,M1,8/1/13,2013,0813gbFHM04,,Fish,665,
Greenbelt,FHM,666,11.6,-27.8,13.6,47.6,3.5,M1,8/1/13,2013,0813gbFHM05,,Fish,666,
Greenbelt,FHM,668,12.1,-28.2,13.4,47.2,3.5,M1,8/1/13,2013,0813gbFHM07,,Fish,668,
Greenbelt,FHM,669,11.1,-28.9,14.4,49.2,3.4,M1,8/1/13,2013,0813gbFHM08,,Fish,669,
Greenbelt,FHM,670,12,-26.9,14.1,47.5,3.4,M1,8/1/13,2013,0813gbFHM09,,Fish,670,
Greenbelt,FHM,671,11.7,-27.4,14.2,48.2,3.4,M1,8/1/13,2013,0813gbFHM10,,Fish,671,
Greenbelt,FHM,672,12.5,-25.4,13.6,47.5,3.5,M1,8/1/13,2013,0813gbFHM11,,Fish,672,
Greenbelt,FHM,673,10.8,-29.7,13.7,47.3,3.5,M1,8/1/13,2013,0813gbFHM12,,Fish,673,
Greenbelt,FHM,674,12.5,-28.2,14.5,47.4,3.3,M1,8/1/13,2013,0813gbFHM13,,Fish,674,
Greenbelt,FHM,675,12.2,-27.6,14,48.6,3.5,M1,8/1/13,2013,0813gbFHM14,,Fish,675,
Greenbelt,CSH,676,12,-27.6,14.1,47.7,3.4,M1,8/1/13,2013,0813gbCSH04,,Fish,676,
Greenbelt,CSH,677,12.3,-27.5,13.8,48.9,3.5,M1,8/1/13,2013,0813gbCSH05,,Fish,677,
Greenbelt,CSH,678,12,-27,14.1,48.1,3.4,M1,8/1/13,2013,0813gbCSH06,,Fish,678,
Greenbelt,CSH,679,12.5,-27.6,14.3,48.3,3.4,M1,8/1/13,2013,0813gbCSH07,,Fish,679,
Greenbelt,CSH,680,12.3,-27.2,14.2,47.6,3.4,M1,8/1/13,2013,0813gbCSH08,,Fish,680,
Greenbelt,CSH,681,12.3,-27.4,14.3,48.5,3.4,M1,8/1/13,2013,0813gbCSH09,,Fish,681,
Greenbelt,CSH,682,11.7,-28.2,14.2,47.6,3.4,M1,8/1/13,2013,0813gbCSH10,,Fish,682,
Greenbelt,CSH,683,12.6,-27.4,14.2,47.6,3.4,M1,8/1/13,2013,0813gbCSH11,,Fish,683,
Greenbelt,CSH,684,11.9,-27.7,14.2,47.7,3.4,M1,8/1/13,2013,0813gbCSH12,,Fish,684,
Greenbelt,CSH,685,10.9,-27.8,14.3,48.6,3.4,M1,8/1/13,2013,0813gbCSH13,,Fish,685,
Greenbelt,CSH,686,11.7,-28.2,14.1,48.4,3.4,M1,8/1/13,2013,0813gbCSH14,,Fish,686,
Greenbelt,CSH,687,11.7,-28.7,14.3,47.4,3.3,M1,8/1/13,2013,0813gbCSH15,,Fish,687,
Greenbelt,CSH,688,11.8,-27.7,13.9,47.9,3.4,M1,8/1/13,2013,0813gbCSH16,,Fish,688,Replicate samples.
Greenbelt,CSH,688,11.9,-27.7,14.1,48.4,3.4,M1,8/1/13,2013,0813gbCSH16,,Fish,688,Replicate samples.
Greenbelt,CSH,689,12.2,-27.7,14,48.7,3.5,M1,8/1/13,2013,0813gbCSH17,,Fish,689,
Greenbelt,CSH,690,11.7,-27.8,14.1,47.5,3.4,M1,8/1/13,2013,0813gbCSH18,,Fish,690,
Greenbelt,CSH,691,10.8,-27.4,13.8,47.7,3.5,M1,8/1/13,2013,0813gbCSH19,,Fish,691,
Greenbelt,CSH,692,10,-27,14.2,47.4,3.3,M1,8/1/13,2013,0813gbCSH20,,Fish,692,
Private Ranch,FHM,693,9.3,-29.9,14.1,47.1,3.3,M1,8/1/13,2013,0813mmFHM04,,Fish,693,Replicate samples.
Private Ranch,FHM,693,9.4,-29.9,14.1,47,3.3,M1,8/1/13,2013,0813mmFHM04,,Fish,693,Replicate samples.
Private Ranch,FHM,694,9,-28.6,14.1,47.4,3.4,M1,8/1/13,2013,0813mmFHM05,,Fish,694,
Private Ranch,FHM,695,8.5,-30,14.1,47.6,3.4,M1,8/1/13,2013,0813mmFHM06,,Fish,695,
Private Ranch,FHM,696,8.2,-29.4,14.1,47.4,3.4,M1,8/1/13,2013,0813mmFHM07,,Fish,696,
Private Ranch,FHM,697,8.5,-28.1,13.5,47.7,3.5,M1,8/1/13,2013,0813mmFHM08,,Fish,697,
Private Ranch,FHM,698,8.8,-28.6,14.4,47.4,3.3,M1,8/1/13,2013,0813mmFHM09,,Fish,698,
Private Ranch,FHM,699,8.4,-29.2,14.4,47.5,3.3,M1,8/1/13,2013,0813mmFHM10,,Fish,699,
Private Ranch,FHM,700,7.9,-28.6,13.4,46.6,3.5,M1,8/1/13,2013,0813mmFHM11,,Fish,700,
Private Ranch,FHM,701,8.9,-28.7,14.2,47.3,3.3,M1,8/1/13,2013,0813mmFHM12,,Fish,701,
Private Ranch,FHM,702,8.6,-28.5,13.8,46.5,3.4,M1,8/1/13,2013,0813mmFHM13,,Fish,702,
Private Ranch,FHM,703,8.6,-28.5,13.7,46.3,3.4,M1,8/1/13,2013,0813mmFHM14,,Fish,703,
Private Ranch,FHM,704,8.7,-27.7,14,47.6,3.4,M1,8/1/13,2013,0813mmFHM15,,Fish,704,
Private Ranch,FHM,705,8.1,-27.6,14,47.6,3.4,M1,8/1/13,2013,0813mmFHM16,,Fish,705,
Private Ranch,FHM,706,9,-33.1,14,48.6,3.5,M1,8/1/13,2013,0813mmFHM17,,Fish,706,
Private Ranch,FHM,707,8.5,-28.5,14,47.8,3.4,M1,8/1/13,2013,0813mmFHM18,,Fish,707,
Private Ranch,JDT,709,9.9,-27.5,14.4,47.8,3.3,M1,8/1/13,2013,0813mmJDT05,,Fish,709,Replicate samples.
Private Ranch,JDT,709,9.9,-27.6,14.3,47.8,3.3,M1,8/1/13,2013,0813mmJDT05,,Fish,709,Replicate samples.
Private Ranch,JDT,710,10.1,-27.6,14.1,46.4,3.3,M1,8/1/13,2013,0813mmJDT06,,Fish,710,
Private Ranch,JDT,711,10.6,-26.9,13.6,47.1,3.5,M1,8/1/13,2013,0813mmJDT07,,Fish,711,
Private Ranch,JDT,712,10.5,-27.3,14.5,47.8,3.3,M1,8/1/13,2013,0813mmJDT08,,Fish,712,
Private Ranch,JDT,713,10.7,-27.6,14.2,47.5,3.3,M1,8/1/13,2013,0813mmJDT09,,Fish,713,
Private Ranch,JDT,714,10,-27.7,14.3,47.9,3.3,M1,8/1/13,2013,0813mmJDT10,,Fish,714,
Private Ranch,JDT,715,10.5,-27.3,14.6,47.4,3.3,M1,8/1/13,2013,0813mmJDT11,,Fish,715,
Private Ranch,JDT,716,10.5,-26.6,14.4,48,3.3,M1,8/1/13,2013,0813mmJDT12,,Fish,716,
Private Ranch,JDT,717,9.9,-27.4,13.7,47.6,3.5,M1,8/1/13,2013,0813mmJDT13,,Fish,717,
Private Ranch,JDT,718,10,-27.6,13.9,48.1,3.5,M1,8/1/13,2013,0813mmJDT14,,Fish,718,Replicate samples.
Private Ranch,JDT,718,10,-27.6,14,48.2,3.5,M1,8/1/13,2013,0813mmJDT14,,Fish,718,Replicate samples.
Private Ranch,JDT,719,10,-27.2,14.3,47.6,3.3,M1,8/1/13,2013,0813mmJDT15,,Fish,719,
Private Ranch,JDT,720,9.7,-27.3,13.9,48.1,3.5,M1,8/1/13,2013,0813mmJDT16,,Fish,720,
Private Ranch,JDT,721,10.6,-27.4,14.3,47.4,3.3,M1,8/1/13,2013,0813mmJDT17,,Fish,721,
Private Ranch,JDT,722,10.4,-27.4,14.6,49,3.4,M1,8/1/13,2013,0813mmJDT18,,Fish,722,
Private Ranch,JDT,723,10.1,-27.2,13.8,47.7,3.4,M1,8/1/13,2013,0813mmJDT19,,Fish,723,
Private Ranch,JDT,724,9.7,-27.6,14.4,47.6,3.3,M1,8/1/13,2013,0813mmJDT20,,Fish,724,
Private Ranch,JDT,725,10.4,-26.7,14.4,47.9,3.3,M1,8/1/13,2013,0813mmJDT21,,Fish,725,
Private Ranch,JDT,726,10.2,-27.9,14.3,47.8,3.3,M1,8/1/13,2013,0813mmJDT22,,Fish,726,
Private Ranch,JDT,727,9.9,-27.4,13.8,46.6,3.4,M1,8/1/13,2013,0813mmJDT23,,Fish,727,
Private Ranch,JDT,728,10.5,-27.1,14.3,48,3.3,M1,8/1/13,2013,0813mmJDT24,,Fish,728,
Private Ranch,IOD,729,9.9,-27.2,13.5,46.5,3.5,M1,8/1/13,2013,0813mmIOD04,,Fish,729,
Private Ranch,IOD,730,8.9,-26.6,13.7,47,3.4,M1,8/1/13,2013,0813mmIOD05,,Fish,730,
Private Ranch,IOD,731,9.7,-27.9,13.9,46.2,3.3,M1,8/1/13,2013,0813mmIOD06,,Fish,731,
Private Ranch,IOD,732,9.3,-28,14.1,46.9,3.3,M1,8/1/13,2013,0813mmIOD07,,Fish,732,
Greenbelt,IOD,733,13.5,-25.9,13.8,46.9,3.4,M1,8/1/13,2013,0813gbIOD04,,Fish,733,
Greenbelt,IOD,734,13.3,-26,14.2,47.4,3.3,M1,8/1/13,2013,0813gbIOD05,,Fish,734,
Greenbelt,IOD,735,13.5,-26.5,14,46.8,3.3,M1,8/1/13,2013,0813gbIOD06,,Fish,735,
Greenbelt,IOD,736,13.3,-26.2,14.1,47.5,3.4,M1,8/1/13,2013,0813gbIOD07,,Fish,736,
Greenbelt,IOD,737,12.5,-26.4,13.8,47.4,3.4,M1,8/1/13,2013,0813gbIOD08,,Fish,737,
Greenbelt,IOD,738,13.7,-25.5,14.2,46.9,3.3,M1,8/1/13,2013,0813gbIOD09,,Fish,738,
Greenbelt,IOD,739,12.6,-26.4,14.3,47.5,3.3,M1,8/1/13,2013,0813gbIOD10,,Fish,739,
Greenbelt,IOD,740,12.5,-26.8,14.1,46.8,3.3,M1,8/1/13,2013,0813gbIOD11,,Fish,740,
Greenbelt,IOD,742,13.8,-26.2,13.9,46.8,3.4,M1,8/1/13,2013,0813gbIOD13,,Fish,742,
Greenbelt,IOD,743,13.6,-26.2,14.1,47.5,3.4,M1,8/1/13,2013,0813gbIOD14,,Fish,743,
Greenbelt,WHS,747,12.5,-27.4,13.8,48.1,3.5,M1,8/1/13,2013,0813gbWHS04,,Fish,747,
Greenbelt,WHS,749,12.7,-26.6,14.3,47.4,3.3,M1,8/1/13,2013,0813gbWHS06,,Fish,749,
Greenbelt,WHS,750,12.2,-27,13.6,46.6,3.4,M1,8/1/13,2013,0813gbWHS07,,Fish,750,
Greenbelt,WHS,751,12.2,-26.8,13.9,48.2,3.5,M1,8/1/13,2013,0813gbWHS08,,Fish,751,
Greenbelt,WHS,752,11.9,-27.3,14,46.9,3.4,M1,8/1/13,2013,0813gbWHS11,,Fish,752,
Greenbelt,WHS,753,12.6,-26.4,14,47.1,3.4,M1,8/1/13,2013,0813gbWHS12,,Fish,753,
Greenbelt,WHS,754,12,-26.3,13.7,45.8,3.4,M1,8/1/13,2013,0813gbWHS13,,Fish,754,
Greenbelt,WHS,755,11.8,-27.1,14,47.5,3.4,M1,8/1/13,2013,0813gbWHS14,,Fish,755,
Greenbelt,WHS,756,12,-26.4,13.8,46.3,3.3,M1,8/1/13,2013,0813gbWHS15,,Fish,756,
Greenbelt,WHS,757,12.4,-26.3,14.3,47.9,3.4,M1,8/1/13,2013,0813gbWHS16,,Fish,757,
Greenbelt,WHS,758,12.9,-25,14.3,47.2,3.3,M1,8/1/13,2013,0813gbWHS17,,Fish,758,
Greenbelt,WHS,759,12.1,-27.1,14.2,47.7,3.4,M1,8/1/13,2013,0813gbWHS18,,Fish,759,
Greenbelt,WHS,760,12.3,-26.6,14,47,3.4,M1,8/1/13,2013,0813gbWHS19,,Fish,760,
Greenbelt,WHS,761,10.5,-27.1,14,48.5,3.5,M1,8/1/13,2013,0813gbWHS20,,Fish,761,Replicate samples.
Greenbelt,WHS,761,10.7,-27.1,14.1,48.1,3.4,M1,8/1/13,2013,0813gbWHS20,,Fish,761,Replicate samples.
Private Ranch,LNS,762,8.6,-29,14.2,48,3.4,M1,8/1/13,2013,0813mmLNS03,,Fish,762,
Private Ranch,LNS,763,8.5,-29.2,14.2,48.1,3.4,M1,8/1/13,2013,0813mmLNS04,,Fish,763,
Private Ranch,LNS,764,9,-29.7,14.2,48,3.4,M1,8/1/13,2013,0813mmLNS07,,Fish,764,
Private Ranch,LNS,765,8.8,-28.3,13.8,47.9,3.5,M1,8/1/13,2013,0813mmLNS10,,Fish,765,Replicate samples.
Private Ranch,LNS,765,8.7,-28.2,13.6,47,3.5,M1,8/1/13,2013,0813mmLNS10,,Fish,765,Replicate samples.
Private Ranch,LNS,766,8.4,-29.7,13.9,47.1,3.4,M1,8/1/13,2013,0813mmLNS11,,Fish,766,
Private Ranch,LNS,767,8.9,-29.1,14.1,47.2,3.4,M1,8/1/13,2013,0813mmLNS15,,Fish,767,
Greenbelt,yoyWHS,768,13,-27,14.1,47.7,3.4,M1,8/1/13,2013,0813gbyoyWHS01,,Fish,768,
Greenbelt,yoyWHS,769,12.1,-27.3,14.1,47.9,3.4,M1,8/1/13,2013,0813gbyoyWHS02,,Fish,769,
Greenbelt,yoyWHS,770,12.5,-27.5,14.2,48.2,3.4,M1,8/1/13,2013,0813gbyoyWHS03,,Fish,770,Replicate samples.
Greenbelt,yoyWHS,770,12.5,-27.5,14.2,48.5,3.4,M1,8/1/13,2013,0813gbyoyWHS03,,Fish,770,Replicate samples.
Greenbelt,yoyWHS,771,11.6,-28,14.4,49.1,3.4,M1,8/1/13,2013,0813gbyoyWHS04,,Fish,771,
Greenbelt,yoyWHS,772,13.3,-26.4,13.9,47.4,3.4,M1,8/1/13,2013,0813gbyoyWHS05,,Fish,772,
Greenbelt,yoyWHS,773,12.1,-27.8,13.6,46.7,3.4,M1,8/1/13,2013,0813gbyoyWHS06,,Fish,773,
Greenbelt,yoyWHS,774,13.4,-26.8,14.2,47.9,3.4,M1,8/1/13,2013,0813gbyoyWHS07,,Fish,774,
Greenbelt,yoyWHS,775,12.5,-27.8,14.1,47.6,3.4,M1,8/1/13,2013,0813gbyoyWHS08,,Fish,775,
Greenbelt,yoyWHS,776,12.7,-26.7,14.3,48.7,3.4,M1,8/1/13,2013,0813gbyoyWHS09,,Fish,776,
Greenbelt,yoyWHS,777,12.5,-26.9,14.1,47.6,3.4,M1,8/1/13,2013,0813gbyoyWHS10,,Fish,777,
Greenbelt,yoyWHS,778,13.5,-26.7,14.4,49.2,3.4,M1,8/1/13,2013,0813gbyoyWHS11,,Fish,778,
Greenbelt,yoyWHS,779,13.6,-27.3,14.5,49.6,3.4,M1,8/1/13,2013,0813gbyoyWHS12,,Fish,779,
Greenbelt,yoyWHS,780,11,-27.7,14.1,47.1,3.4,M1,8/1/13,2013,0813gbyoyWHS13,,Fish,780,
Greenbelt,yoyWHS,781,11.3,-27.5,14,47.5,3.4,M1,8/1/13,2013,0813gbyoyWHS14,,Fish,781,
Greenbelt,yoyWHS,782,11.6,-27.4,14.2,48.1,3.4,M1,8/1/13,2013,0813gbyoyWHS15,,Fish,782,
Greenbelt,yoyWHS,783,11.6,-27,14.4,48.2,3.4,M1,8/1/13,2013,0813gbyoyWHS17,,Fish,783,
Private Ranch,yoyWHS,784,8.3,-29.8,13.9,46.4,3.3,M1,8/1/13,2013,0813mmyoyWHS01,,Fish,784,
Private Ranch,yoyWHS,785,8,-28.9,13.9,46.6,3.3,M1,8/1/13,2013,0813mmyoyWHS02,,Fish,785,
Private Ranch,yoyWHS,786,8.4,-31.4,14.3,47.6,3.3,M1,8/1/13,2013,0813mmyoyWHS03,,Fish,786,
Private Ranch,CKCbig,864,9.6,-27.4,14.6,49.2,3.4,M1,9/1/14,2013,0813MMCKCbig01,,Fish,864,
Private Ranch,CKCbig,865,9.3,-27.1,14.7,49,3.3,M1,9/1/14,2013,0813MMCKCbig02,,Fish,865,
Private Ranch,CKCbig,866,9.7,-26.6,14.7,48.1,3.3,M1,9/1/14,2013,0813MMCKCbig03,,Fish,866,
Private Ranch,CKCbig,867,9,-27.8,14.5,47.9,3.3,M1,9/1/14,2013,0813MMCKCbig04,,Fish,867,
Private Ranch,CKCbig,868,8.5,-27.4,13.8,50,3.6,M1,9/1/14,2013,0813MMCKCbig05,,Fish,868,
Private Ranch,CKCbig,869,9.8,-27.2,14.5,48.2,3.3,M1,9/1/14,2013,0813MMCKCbig06,,Fish,869,
Private Ranch,CKCbig,870,9.4,-27.1,14.5,47.5,3.3,M1,9/1/14,2013,0813MMCKCbig07,,Fish,870,
Private Ranch,CKCbig,871,9.7,-28.2,14.3,47.7,3.3,M1,9/1/14,2013,0813MMCKCbig08,,Fish,871,
Private Ranch,CKCbig,872,9,-27.4,15.1,50.8,3.4,M1,9/1/14,2013,0813MMCKCbig09,,Fish,872,
Private Ranch,CKCbig,873,9.3,-27,14.5,48.4,3.3,M1,9/1/14,2013,0813MMCKCbig10,,Fish,873,
Private Ranch,CKCbig,874,9.1,-26.5,14.8,48.3,3.3,M1,9/1/14,2013,0813MMCKCbig11,,Fish,874,
Private Ranch,CKCbig,875,9.3,-27.7,14.4,47.9,3.3,M1,9/1/14,2013,0813MMCKCbig12,,Fish,875,
Private Ranch,CKCbig,876,9.7,-26.7,14.2,47.2,3.3,M1,9/1/14,2013,0813MMCKCbig13,,Fish,876,
Private Ranch,CKCbig,877,9.9,-27,14.7,47.8,3.3,M1,9/1/14,2013,0813MMCKCbig14,,Fish,877,Replicate samples
Private Ranch,CKCbig,877,9.9,-26.9,14.4,46.6,3.2,M1,9/1/14,2013,0813MMCKCbig14,,Fish,877,Replicate samples
Private Ranch,CKCbig,878,9.5,-27.4,14.5,48,3.3,M1,9/1/14,2013,0813MMCKCbig15,,Fish,878,
Private Ranch,CKCbig,879,9,-26.5,14.4,47.2,3.3,M1,9/1/14,2013,0813MMCKCbig16,,Fish,879,
Private Ranch,CKCbig,880,9.4,-27.5,14.5,47.8,3.3,M1,9/1/14,2013,0813MMCKCbig17,,Fish,880,
Private Ranch,CKCbig,881,9.3,-26.6,14.4,47.1,3.3,M1,9/1/14,2013,0813MMCKCbig18,,Fish,881,
Private Ranch,CKCbig,882,9.4,-27.1,14.6,47.4,3.2,M1,9/1/14,2013,0813MMCKCbig19,,Fish,882,
Private Ranch,CKCbig,883,8.9,-27.4,14.4,46.6,3.2,M1,9/1/14,2013,0813MMCKCbig20,,Fish,883,
Private Ranch,CKCbig,884,9.1,-27.6,14.5,48.1,3.3,M1,9/1/14,2013,0813MMCKCbig21,,Fish,884,
Private Ranch,CKCbig,885,9.5,-27.1,14.6,47.8,3.3,M1,9/1/14,2013,0813MMCKCbig22,,Fish,885,
Greenbelt,CKCbig,886,10.1,-27.7,14.4,47.4,3.3,M1,9/1/14,2013,0813GBCKCbig01,,Fish,886,
Greenbelt,CKCbig,887,12.7,-24.6,14.2,47.5,3.4,M1,9/1/14,2013,0813GBCKCbig02,,Fish,887,
Greenbelt,CKCbig,888,11.8,-25.6,14.7,49,3.3,M1,9/1/14,2013,0813GBCKCbig03,,Fish,888,
Greenbelt,CKCbig,889,13,-25,14.7,46.9,3.2,M1,9/1/14,2013,0813GBCKCbig04,,Fish,889,
Greenbelt,CKCbig,890,11.7,-26.5,14.6,48.4,3.3,M1,9/1/14,2013,0813GBCKCbig05,,Fish,890,
Greenbelt,CKCbig,891,12.4,-26.5,14.5,49.5,3.4,M1,9/1/14,2013,0813GBCKCbig06,,Fish,891,
Greenbelt,CKCbig,892,12.4,-25.8,14.6,47.9,3.3,M1,9/1/14,2013,0813GBCKCbig07,,Fish,892,Replicate samples
Greenbelt,CKCbig,892,12.4,-25.7,14.6,47.8,3.3,M1,9/1/14,2013,0813GBCKCbig07,,Fish,892,Replicate samples
Greenbelt,CKCbig,893,13,-26,14.2,47.6,3.3,M1,9/1/14,2013,0813GBCKCbig08,,Fish,893,
Greenbelt,CKCbig,894,12.3,-26.5,14.3,47.9,3.3,M1,9/1/14,2013,0813GBCKCbig09,,Fish,894,
Greenbelt,CKCbig,895,12.8,-26.5,14.4,48.1,3.3,M1,9/1/14,2013,0813GBCKCbig10,,Fish,895,
Greenbelt,CKCbig,896,12.3,-26.1,14.5,47,3.2,M1,9/1/14,2013,0813GBCKCbig11,,Fish,896,
Greenbelt,CKCbig,897,11.8,-26.1,14.4,46.6,3.2,M1,9/1/14,2013,0813GBCKCbig12,,Fish,897,
Greenbelt,CKCbig,898,11.9,-26.7,14.4,47.5,3.3,M1,9/1/14,2013,0813GBCKCbig13,,Fish,898,
Greenbelt,CKCbig,899,11.7,-25.5,14.4,46.7,3.3,M1,9/1/14,2013,0813GBCKCbig14,,Fish,899,
Greenbelt,CKCbig,900,12.7,-26.2,14.3,47.7,3.3,M1,9/1/14,2013,0813GBCKCbig15,,Fish,900,
Greenbelt,CKCbig,901,12.9,-26.6,14.4,47.8,3.3,M1,9/1/14,2013,0813GBCKCbig16,,Fish,901,
Greenbelt,CKCbig,902,12.5,-25.9,14.6,48.3,3.3,M1,9/1/14,2013,0813GBCKCbig17,,Fish,902,
Greenbelt,BNT,903,10.1,-26.5,14.4,46,3.2,M1,9/1/14,2013,0914GBBNT01,,Fish,903,
Greenbelt,BNT,904,10.3,-26.2,10.9,33.4,3.1,C,9/1/14,2013,0914GBBNT01,,Fish,904,
Greenbelt,BNT,905,10.8,-26.1,9.8,32.3,3.3,C,9/1/14,2013,0914GBBNT02,,Fish,905,
Greenbelt,BNT,906,10.2,-26.6,14,45.6,3.3,A,9/1/14,2013,0914GBBNT02,,Fish,906,
Greenbelt,BNT,907,11,-26.8,13.7,44.7,3.3,A,9/1/14,2013,0914GBBNT03,,Fish,907,
Greenbelt,BNT,908,12,-26.8,10.1,33.2,3.3,C,9/1/14,2013,0914GBBNT03,,Fish,908,
Greenbelt,BNT,909,10.7,-27.1,14.2,48.4,3.4,A,9/1/14,2013,0914GBBNT04,,Fish,909,
Greenbelt,BNT,910,11.3,-26.6,9.2,30.5,3.3,C,9/1/14,2013,0914GBBNT04,,Fish,910,
Greenbelt,BNT,911,11.5,-26.3,14.5,47,3.2,A,9/1/14,2013,0914GBBNT05,,Fish,911,
Greenbelt,BNT,912,12.2,-26.2,13.5,42.9,3.2,C,9/1/14,2013,0914GBBNT05,,Fish,912,
Greenbelt,BNT,913,11.2,-25.9,14.6,46.4,3.2,A,9/1/14,2013,0914GBBNT06,,Fish,913,
Greenbelt,BNT,914,12,-26.3,12,39,3.3,C,9/1/14,2013,0914GBBNT06,,Fish,914,
Greenbelt,BNT,915,12,-26.4,10.7,36,3.4,C,9/1/14,2013,0914GBBNT07,,Fish,915,
Greenbelt,BNT,916,11.3,-26.3,13.9,46.2,3.3,A,9/1/14,2013,0914GBBNT07,,Fish,916,
Greenbelt,BNT,917,10.1,-26.9,14.1,46.7,3.3,A,9/1/14,2013,0914GBBNT08,,Fish,917,
Greenbelt,BNT,918,10.5,-26.4,11,34.6,3.1,C,9/1/14,2013,0914GBBNT08,,Fish,918,
Greenbelt,BNT,919,10.6,-26.7,13.8,46.6,3.4,A,9/1/14,2013,0914GBBNT09,,Fish,919,
Greenbelt,BNT,920,11.1,-26,11.9,37,3.1,C,9/1/14,2013,0914GBBNT09,,Fish,920,
Greenbelt,BNT,921,12.3,-26.2,14.2,45.5,3.2,C,9/1/14,2013,0914GBBNT10,,Fish,921,
Greenbelt,BNT,922,11.6,-26.4,14.1,46.6,3.3,A,9/1/14,2013,0914GBBNT10,,Fish,922,
Greenbelt,BNT,923,10.4,-26.9,13.2,44.4,3.4,A,9/1/14,2013,0914GBBNT11,,Fish,923,
Greenbelt,BNT,924,10.7,-26.5,13.9,44,3.2,C,9/1/14,2013,0914GBBNT11,,Fish,924,
Greenbelt,BNT,925,10.3,-26.6,14,46.2,3.3,A,9/1/14,2013,0914GBBNT12,,Fish,925,
Greenbelt,BNT,926,11,-26.9,12.3,41.9,3.4,C,9/1/14,2013,0914GBBNT12,,Fish,926,Replicate samples
Greenbelt,BNT,926,11,-26.9,12.4,42.2,3.4,C,9/1/14,2013,0914GBBNT12,,Fish,926,Replicate samples
Greenbelt,BNT,927,11.6,-26,8.9,27.5,3.1,C,9/1/14,2013,0914GBBNT13,,Fish,927,
Greenbelt,BNT,928,11.2,-27,13.6,46.6,3.4,A,9/1/14,2013,0914GBBNT13,,Fish,928,
Greenbelt,BNT,929,10,-27.9,13.2,46.6,3.5,A,9/1/14,2013,0914GBBNT14,,Fish,929,
Greenbelt,BNT,930,11,-27.4,10.3,33.5,3.3,C,9/1/14,2013,0914GBBNT14,,Fish,930,
Greenbelt,BNT,931,10.2,-26.2,14.1,46.8,3.3,A,9/1/14,2013,0914GBBNT15,,Fish,931,
Greenbelt,BNT,932,10.9,-26.7,11.4,39,3.4,C,9/1/14,2013,0914GBBNT15,,Fish,932,
Greenbelt,BNT,933,10.7,-26.5,13.2,46.7,3.5,A,9/1/14,2013,0914GBBNT16,,Fish,933,
Greenbelt,BNT,934,11.2,-26.9,10.4,34.3,3.3,C,9/1/14,2013,0914GBBNT16,,Fish,934,
Greenbelt,BNT,935,10.6,-26.7,14,44.2,3.1,A,9/1/14,2013,0914GBBNT17,,Fish,935,
Greenbelt,BNT,936,11.9,-27.5,9.6,34.7,3.6,C,9/1/14,2013,0914GBBNT17,,Fish,936,Replicate samples
Greenbelt,BNT,936,11.9,-27.3,9.6,33.8,3.5,C,9/1/14,2013,0914GBBNT17,,Fish,936,Replicate samples
Greenbelt,BNT,937,11.5,-27.2,9,30.2,3.4,C,9/1/14,2013,0914GBBNT18,,Fish,937,
Greenbelt,BNT,938,10.7,-27.1,12.3,46.8,3.8,A,9/1/14,2013,0914GBBNT18,,Fish,938,
Greenbelt,BNT,939,11.9,-26.9,14.3,46.3,3.2,A,9/1/14,2013,0914GBBNT21,,Fish,939,
Greenbelt,BNT,940,12.7,-26.7,9.8,31.7,3.2,C,9/1/14,2013,0914GBBNT21,,Fish,940,
Private Ranch,BNT,943,NA,NA,NA,NA,NA,A,9/1/14,2013,0914MMBNT03,,Fish,943,Sample lost during the analysis. Rerun the sample.
Private Ranch,BNT,945,9.8,-25.4,14.5,47.4,3.3,A,9/1/14,2013,0914MMBNT05,,Fish,945,
Private Ranch,BNT,947,NA,NA,NA,NA,NA,A,9/1/14,2013,0914MMBNT08,,Fish,947,Sample lost during the analysis. Rerun the sample.
Private Ranch,BNT,948,NA,NA,NA,NA,NA,A,9/1/14,2013,0914MMBNT09,,Fish,948,Sample lost during the analysis. Rerun the sample.
Private Ranch,BNT,949,NA,NA,NA,NA,NA,A,9/1/14,2013,0914MMBNT10,,Fish,949,Sample lost during the analysis. Rerun the sample.
Private Ranch,BNT,949,NA,NA,NA,NA,NA,A,9/1/14,2013,0914MMBNT10,,Fish,949,Sample lost during the analysis. Rerun the sample.
Private Ranch,BNT,950,NA,NA,NA,NA,NA,A,9/1/14,2013,0914MMBNT11,,Fish,950,Sample lost during the analysis. Rerun the sample.
Private Ranch,BNT,951,NA,NA,NA,NA,NA,A,9/1/14,2013,0914MMBNT12,,Fish,951,Sample lost during the analysis. Rerun the sample.
Private Ranch,BNT,952,NA,NA,NA,NA,NA,A,9/1/14,2013,0914MMBNT13,,Fish,952,Sample lost during the analysis. Rerun the sample.
Private Ranch,BNT,953,10.2,-25.3,8.6,41.5,4.8,A,9/1/14,2013,0914MMBNT14,,Fish,953,
Private Ranch,BNT,954,NA,NA,NA,NA,NA,A,9/1/14,2013,0914MMBNT15,,Fish,954,Sample lost during the analysis. Rerun the sample.
Private Ranch,BNT,955,NA,NA,NA,NA,NA,A,9/1/14,2013,0914MMBNT16,,Fish,955,Sample lost during the analysis. Rerun the sample.
Private Ranch,BNT,956,9.2,-27.6,13.4,47.8,3.6,A,9/1/14,2013,0914MMBNT17,,Fish,956,
Private Ranch,BNT,957,10.1,-25.8,14,45,3.2,C,9/1/14,2013,0914MMBNT09,,Fish,957,
Private Ranch,BNT,958,9.4,-24.8,9.4,30.2,3.2,C,9/1/14,2013,0914MMBNT10,,Fish,958,
Private Ranch,BNT,959,9.9,-24.3,10,30.8,3.1,C,9/1/14,2013,0914MMBNT11,,Fish,959,
Private Ranch,BNT,960,9.6,-26.3,10.2,33.4,3.3,C,9/1/14,2013,0914MMBNT12,,Fish,960,
Private Ranch,BNT,961,9.5,-25.9,9.2,31.4,3.4,C,9/1/14,2013,0914MMBNT13,,Fish,961,
Private Ranch,BNT,962,9.4,-25.3,9.7,30.5,3.1,C,9/1/14,2013,0914MMBNT14,,Fish,962,
Private Ranch,BNT,963,9.2,-24.6,10.6,34.2,3.2,C,9/1/14,2013,0914MMBNT15,,Fish,963,
Private Ranch,BNT,964,9.3,-25,9.2,28.8,3.1,C,9/1/14,2013,0914MMBNT16,,Fish,964,
Private Ranch,BNT,965,4.7,-30.6,8.6,41.9,4.9,C,9/1/14,2013,0914MMBNT17,,Fish,965,Replicate samples
Private Ranch,BNT,965,4.8,-30.7,9,42.2,4.7,C,9/1/14,2013,0914MMBNT17,,Fish,965,Replicate samples
Private Ranch,Corixidae,1,5.5,-27.8,12.6,50.4,4,,6/28/13,2013,,,Invertebrate,1-062813mm2cor,
Private Ranch,Tricorythidae,2,4.3,-33.2,10.3,43.7,4.2,,6/28/13,2013,,,Invertebrate,2-062813mm2tri,
Private Ranch,Chironomidae,3,5.3,-33,9.8,43.7,4.5,,6/28/13,2013,,,Invertebrate,3-062813mm2chi,
Private Ranch,Sphaeriidae,5,6,-28.6,11.3,42.6,3.8,,6/28/13,2013,,,Invertebrate,5-062813mm2sph,
Private Ranch,Physidae,8,3.9,-27.9,8.5,38.9,4.6,,6/28/13,2013,,,Invertebrate,8-062813mm2phy,
Private Ranch,Hymenoptera,9,5.8,-26.2,13.1,48.4,3.7,,6/28/13,2013,terrestrial,,Invertebrate,9-062813mm2hym,
Private Ranch,Ancylidae,11,3.4,-30,12.2,45.9,3.7,,6/28/13,2013,,,Invertebrate,11-062813mm2anc,
Private Ranch,Oligachaeta,13,5.1,-25.1,11.7,42.6,3.6,,6/28/13,2013,,,Invertebrate,13-062813mm2olig,
Private Ranch,Ephemeridae,15,5.5,-28.2,8.2,37.7,4.6,,6/28/13,2013,,,Invertebrate,15-062813mm2eph,
Private Ranch,Caenidae,16,4.2,-30.1,8.2,37.4,4.5,,6/28/13,2013,,,Invertebrate,16-062813mm2cae,Weight percent values suspect. Use with caution.
Private Ranch,Hydrophilidae,17,3.8,-26.3,11.6,50.3,4.4,,6/28/13,2013,,,Invertebrate,17-062813mm2hyd,
Greenbelt,Heptageniidae,21,6.3,-30.6,8.8,41.5,4.7,,6/30/13,2013,,,Invertebrate,21-063013gb9hep,
Greenbelt,Gomphidae,22,8.5,-28.5,11.1,47.5,4.3,,6/30/13,2013,,,Invertebrate,22-063013gb9gom,
Greenbelt,Coenagrionidae,26,8.3,-29,11,49.1,4.4,,6/30/13,2013,,,Invertebrate,26-063013gb9coe,
Greenbelt,Aeshnidae,30,8.7,-29,11.6,45.1,3.9,,6/30/13,2013,,,Invertebrate,30-063013gb9aesh,
Greenbelt,Physidae,32,9.4,-27.1,8.6,38.2,4.5,,6/30/13,2013,,,Invertebrate,32-063013gb9phy,
Greenbelt,Tricorythidae,33,6.4,-30.7,10.1,43.1,4.3,,6/30/13,2013,,,Invertebrate,33-063013gb9tri,
Greenbelt,Caenidae,35,6.1,-29.5,10.4,41.8,4,,6/30/13,2013,,,Invertebrate,35-063013gb9cae,
Greenbelt,Corbuculidae,36,8.6,-28.8,13,47.6,3.6,,6/30/13,2013,,,Invertebrate,36-063013gb3cor,
Private Ranch,Leptophlebiidae,38,4.7,-31.8,10.2,43.1,4.2,,6/28/13,2013,,,Invertebrate,38-062813mm5lept,
Private Ranch,Isopoda,40,4,-29.1,5.5,25.4,4.6,,6/28/13,2013,,,Invertebrate,40-062813mm5iso,Weight percent values suspect. Use with caution.
Private Ranch,Gammaridae,42,5.2,-29.8,7.2,37.8,5.2,,6/28/13,2013,,,Invertebrate,42-062813mm5gam,Weight percent values suspect. Use with caution.
Private Ranch,Tricorythidae,44,4.3,-31.6,8.3,33.9,4.1,,6/28/13,2013,,,Invertebrate,44-062813mm5tri,Weight percent values suspect. Use with caution.
Private Ranch,Corbiculidae,45,5.5,-22.7,4.3,23.6,5.5,,6/28/13,2013,,,Invertebrate,45-062813mm5corb,Weight percent values suspect. Use with caution.
Private Ranch,Gomphidae,46,5.5,-30.7,9.8,46.7,4.8,,6/28/13,2013,,,Invertebrate,46-062813mm5gom,
Private Ranch,Corixidae,48,6.1,-29.8,12.5,46.5,3.7,,6/28/13,2013,,,Invertebrate,48-062813mm5cor,
Private Ranch,Ceratopogonidae,49,7.2,-27.7,11.6,45.1,3.9,,6/28/13,2013,,,Invertebrate,49-062813mm5cera,
Greenbelt,Phryganeidae,50,8.5,-30.6,7.8,38.3,4.9,,6/30/13,2013,,,Invertebrate,50-063013gb3phr,
Private Ranch,Ephemerellidae,51,4.3,-34.4,10,43,4.3,,6/28/13,2013,,,Invertebrate,51-062813mm5eph,
Private Ranch,Limnephilidae,52,3.4,-27.9,8.8,48.4,5.5,,6/28/13,2013,,,Invertebrate,52-062813mm5lim,
Private Ranch,Baetidae,53,5.4,-33.4,9.8,42.2,4.3,,6/28/13,2013,,,Invertebrate,53-062813mm5bae,
Greenbelt,Physidae,54,7.4,-29.1,9.1,39.4,4.3,,6/30/13,2013,,,Invertebrate,54-063013gb6phy,
Greenbelt,Physidae,55,7.4,-28.4,10.4,41.8,4,,6/30/13,2013,,,Invertebrate,55-063013gb3phy,
Greenbelt,Chironomidae,57,9.8,-28.5,11.1,45.2,4.1,,6/30/13,2013,,,Invertebrate,57-063013gb3chi,
Greenbelt,Tricorythidae,59,7.5,-29.8,9.8,40.9,4.2,,6/30/13,2013,,,Invertebrate,59-063013gb3tri,
Greenbelt,Leptophlebiidae,60,7.5,-29.4,10.5,44.2,4.2,,6/30/13,2013,,,Invertebrate,60-063013gb3lept,
Greenbelt,Leptophlebiidae,60,7.7,-29.7,10.2,42.3,4.2,,6/30/13,2013,,,Invertebrate,60-063013gb3lept,
Greenbelt,Caenidae,61,6.7,-29.6,11,43.9,4,,6/30/13,2013,,,Invertebrate,61-063013gb3cae,
Greenbelt,Neoephemeridae,66,6.6,-29.5,9.5,39.9,4.2,,6/30/13,2013,,,Invertebrate,66-063013gb6neo,
Greenbelt,Heptageniidae,68,7.1,-29.1,9.5,39.9,4.2,,6/30/13,2013,,,Invertebrate,68-063013gb6hep,
Greenbelt,Isopoda,69,5.8,-27.4,6.3,30.4,4.8,,6/30/13,2013,,,Invertebrate,69-063013gb6iso,
Greenbelt,Corbiculidae,71,8.1,-26.4,6.8,31.9,4.7,,6/30/13,2013,,,Invertebrate,71-063013gb6corb,
Greenbelt,Chironomidae,72,8.5,-28.3,8.2,36.9,4.5,,8/5/13,2013,,,Invertebrate,72-080513gb9chir,
Greenbelt,Tricorythidae,73,7.1,-29.2,10.4,42.6,4.1,,8/5/13,2013,,,Invertebrate,73-080513gb9tri,
Greenbelt,Heptageniidae,74,7.7,-29.8,7.1,34.9,4.9,,8/5/13,2013,,,Invertebrate,74-080513gb9hep,
Greenbelt,Collembola,78,6.7,-25.9,6.5,30.6,4.7,,8/6/13,2013,,,Invertebrate,78-080613gb3col,
Greenbelt,Heptageniidae,80,8.4,-27.7,10.5,43.5,4.1,,8/6/13,2013,,,Invertebrate,80-080613gb3hep,
Greenbelt,Decapoda,81,8.9,-25.5,13.3,43.3,3.3,,8/5/13,2013,,,Invertebrate,81-080513gb9dec,
Greenbelt,Gammaridae,82,7.5,-27.5,6.8,36.2,5.3,,8/5/13,2013,,,Invertebrate,82/84-080513gb9iso/amp,Weight percent values suspect. Use with caution.
Greenbelt,Tricorythidae,83,8.8,-27.9,11.2,43.9,3.9,,8/6/13,2013,,,Invertebrate,83-080613gb3tri,
Greenbelt,Gomphidae,85,10,-27.5,11.1,45.3,4.1,,8/5/13,2013,,,Invertebrate,85-080513gb9gom,
Greenbelt,Leptoceridae,88,7.8,-28.9,8,45.1,5.6,,8/5/13,2013,,,Invertebrate,88-080513gb9lepto,
Greenbelt,Physidae,89,8.6,-27.4,10.3,41.8,4.1,,8/6/13,2013,,,Invertebrate,89-080613gb3phy,
Greenbelt,Coenagrionidae,90,9.2,-27.3,12.1,45.1,3.7,,8/5/13,2013,,,Invertebrate,90-080513gb9coe,
Greenbelt,Isopoda,92,6.8,-27.1,7.4,32.7,4.4,,8/6/13,2013,,,Invertebrate,92-080613gb3iso,
Greenbelt,Chironomidae,95,9.8,-27.5,9.8,42.5,4.3,,8/6/13,2013,,,Invertebrate,95-080613gb3chir,
Greenbelt,Ephemerellidae,123,9,-29.6,10.1,43.4,4.3,,8/6/13,2013,,,Invertebrate,123-080613gb3eph,
Greenbelt,Leptophlebiidae,124,8.2,-27.9,10.4,42.7,4.1,,8/6/13,2013,,,Invertebrate,124-080613gb3lept,
Greenbelt,Baetidae,125,9.4,-30.5,8.3,42.2,5.1,,8/6/13,2013,,,Invertebrate,125-080613gb3bae,
Greenbelt,Aeshnidae,127,9.3,-27.2,11.2,43.7,3.9,,8/6/13,2013,,,Invertebrate,127-080613gb3aesh,
Greenbelt,Hydropsychidae,130,8.4,-28.7,8.8,40.6,4.6,,8/6/13,2013,,,Invertebrate,130-080613gb3hydr,
Greenbelt,Coenagrionidae,131,9.9,-28,11.7,45.7,3.9,,8/6/13,2013,,,Invertebrate,131-080613gb3coe,
Greenbelt,Planorbidae,133,7.5,-28.2,5.6,34.5,6.2,,8/6/13,2013,,,Invertebrate,133-080613gb3pla,
Private Ranch,Corixidae,134,4.6,-28.3,12,47.3,3.9,,8/5/13,2013,,,Invertebrate,134-080513mm2cor,
Private Ranch,Hahniidae,135,7.6,-27,11.8,47.1,4,,8/5/13,2013,,,Invertebrate,135-080513mm2hah,
Private Ranch,Heptageniidae,137,4.4,-28.3,11.6,44.4,3.8,,8/5/13,2013,,,Invertebrate,137-080513mm2hept,
Greenbelt,Corixidae,140,6.7,-21.2,12.2,48.3,4,,8/6/13,2013,,,Invertebrate,140-080613gb3cor,
Greenbelt,Dytiscidae,144,5.3,-26.3,10.6,44.2,4.2,,8/6/13,2013,,,Invertebrate,144-080613gb3dyt,
Greenbelt,Corbiculidae,145,8.1,-28.4,10.1,41.2,4.1,,8/6/13,2013,,,Invertebrate,145-080613gb3corb,
Private Ranch,Hydropsychidae,146,4.8,-29.4,11.3,44.4,3.9,,8/5/13,2013,,,Invertebrate,146-080513mm2hydr,
Greenbelt,Tricorythidae,148,7.4,-29.8,9.5,42.3,4.4,,6/30/13,2013,,,Invertebrate,148-063013gb6tri,
Private Ranch,Tricorythidae,149,4,-28.7,10,41.9,4.2,,8/5/13,2013,,,Invertebrate,149-080513mm2tri,
Private Ranch,Ephemeridae,150,5.2,-28,11.9,45.5,3.8,,8/5/13,2013,,,Invertebrate,150-080513mm2eph,
Private Ranch,Culicidae,151,6.8,-28.4,11.2,46.9,4.2,,8/5/13,2013,,,Invertebrate,151-080513mm2cul,
Private Ranch,Baetidae,153,4.7,-28.4,11.9,47.7,4,,8/5/13,2013,,,Invertebrate,153-080513mm2bae,
Private Ranch,Amphipoda,154,4.2,-28.7,7.6,34.8,4.6,,8/5/13,2013,,,Invertebrate,154-080513mm2amp,
Private Ranch,Decapoda,155,6.6,-28.7,11.9,44.2,3.7,,6/28/13,2013,,,Invertebrate,155-062813mm2dec,
Private Ranch,Decapoda,156,5.9,-27.3,8.7,36.1,4.2,,8/5/13,2013,,,Invertebrate,156-080513mm2dec,
Private Ranch,Ephemeridae,158,5.1,-28.2,11.7,45.1,3.9,,8/6/13,2013,,,Invertebrate,158-062813mm5eph,
Private Ranch,Corbiculidae,159,5.5,-29,12.3,46.7,3.8,,8/5/13,2013,,,Invertebrate,159-080513mm2corb,
Greenbelt,Chironomidae,160,8.6,-30.2,8.3,38.9,4.7,,6/30/13,2013,,,Invertebrate,160-063013gb3chi,
Private Ranch,Chironomidae,161,5.8,-28.6,11.5,47.2,4.1,,6/28/13,2013,,,Invertebrate,161-062813mm8chi,
Private Ranch,Siphlonuridae,165,5.8,-32.2,11.7,48.8,4.2,,6/28/13,2013,,,Invertebrate,165-062813mm8siph,
Private Ranch,Heptageniidae,167,5,-30.6,10.8,45.3,4.2,,6/28/13,2013,,,Invertebrate,167-062816mm8hept,
Private Ranch,Hydropsychidae,168,6,-31.5,9.8,42.8,4.4,,6/28/13,2013,,,Invertebrate,168-062813mm8hydr,
Private Ranch,Leptoceridae,170,5.5,-29,9.5,48.1,5.1,,8/5/13,2013,,,Invertebrate,170-080513mm8lept,
Private Ranch,Decapoda,171,5.3,-28,8.8,38.3,4.3,,8/5/13,2013,,,Invertebrate,171-080513mm8dec,Weight percent values suspect. Use with caution.
Private Ranch,Isopoda,172,5.6,-26.8,8,34,4.2,,8/5/13,2013,,,Invertebrate,172-080513mm8iso,Weight percent values suspect. Use with caution.
Private Ranch,Tricorythidae,173,6.8,-28.2,10.4,43.1,4.2,,8/5/13,2013,,,Invertebrate,173/174-080513mm8tri/eph,
Private Ranch,Ephydridae,174,7.1,-28.4,11.1,46.1,4.1,,8/5/13,2013,,,Invertebrate,174-080513mm8ephy,
Private Ranch,Leptophlebiidae,175,5.1,-27.9,9.7,39.2,4.1,,8/5/13,2013,,,Invertebrate,175-080513mm8lept,
Private Ranch,Chaoboridae,176,7.6,-27.9,10.8,45.4,4.2,,8/5/13,2013,,,Invertebrate,176-080513mm8chao,
Private Ranch,Behninaiidae,178,4.6,-27.8,5.3,24.2,4.6,,8/5/13,2013,,,Invertebrate,178-080513mm8beh,Weight percent values suspect. Use with caution.
Private Ranch,Elmidae,179,3,-29.5,10.8,47,4.4,,8/5/13,2013,,,Invertebrate,179-080513mm8elm,
Private Ranch,Amphipoda,180,4.4,-26,7.6,31.9,4.2,,8/5/13,2013,,,Invertebrate,180-080513mm8amp,Weight percent values suspect. Use with caution.
Private Ranch,Chrysomelidae,181,4.8,-27.2,12.2,45.8,3.8,,8/5/13,2013,,,Invertebrate,181-080513mm8chry,
Private Ranch,Ephemeridae,183,5.2,-27.8,9,35.4,3.9,,8/5/13,2013,,,Invertebrate,183-080513mm8eph,Weight percent values suspect. Use with caution.
Private Ranch,Baetidae,184,4.5,-28.9,10.3,43.7,4.3,,8/5/13,2013,,,Invertebrate,184-080513mm8bae,
Private Ranch,Hydropsychidae,185,4.7,-29,9.6,39.4,4.1,,8/5/13,2013,,,Invertebrate,185-080513mm8hydr,
Private Ranch,Caenidae,186,5.8,-27.6,11.1,46.2,4.2,,8/5/13,2013,,,Invertebrate,186/174-080513mm8cae,
Private Ranch,Herbiidae,188,7.3,-27,11.8,47.5,4,,8/5/13,2013,,,Invertebrate,188-080513mm8her,
Private Ranch,Gyrinidae,189,7.1,-24,10.9,49.4,4.5,,8/5/13,2013,,,Invertebrate,189-080513mm8gyr,
Private Ranch,Sphaeriidae,190,6.1,-28.8,12.2,44.5,3.6,,8/5/13,2013,,,Invertebrate,190-080513mm8sph,
Private Ranch,Amphipoda,191,3.9,-30.4,7.1,35.3,5,,6/28/13,2013,Gammaridae?,,Invertebrate,191-062813mm8amp,Weight percent values suspect. Use with caution.
Private Ranch,Tricorythidae,193,3.7,-32,10.4,42.8,4.1,,6/28/13,2013,,,Invertebrate,193-062813mm8tri,
Private Ranch,Gomphidae,194,6.6,-29.6,11.6,44.8,3.9,,6/28/13,2013,,,Invertebrate,194-062813mm8gom,
Private Ranch,Isopoda,195,5,-27.7,6.6,29.8,4.5,,6/28/13,2013,,,Invertebrate,195-062813mm8iso,Weight percent values suspect. Use with caution.
Private Ranch,Corbiculidae,196,6,-25.5,5.7,28,4.9,,6/28/13,2013,,,Invertebrate,196-062813mm8corb,Weight percent values suspect. Use with caution.
Private Ranch,Ephemeridae,197,4.9,-27.6,11.5,45.1,3.9,,6/28/13,2013,,,Invertebrate,197-062813mm8eph,
Private Ranch,Tipulidae,198,6.6,-28.6,11.4,46.3,4.1,,6/28/13,2013,,,Invertebrate,198-062813mm8tip,
Private Ranch,Ephemerellidae,199,4.7,-30.5,9.8,38.3,3.9,,6/28/13,2013,,,Invertebrate,199-062813mm8eph,
Private Ranch,Decapoda,204,6.2,-28.2,13.5,47.8,3.5,,8/5/13,2013,,,Invertebrate,204-080513mm5dec,
Private Ranch,Chironomidae,205,5.8,-28,9.5,43.8,4.6,,8/5/13,2013,,,Invertebrate,205-080513mm5chi,
Private Ranch,Amphipoda,207,4,-27,7.3,34.2,4.7,,8/5/13,2013,,,Invertebrate,207-080513mm5amp,Weight percent values suspect. Use with caution.
Private Ranch,Ephydridae,214,6.9,-27.5,10.6,45.5,4.3,,8/5/13,2013,,,Invertebrate,214-080513mm5ephy,
Private Ranch,Membracidae,215,1.3,-28.8,10.7,48.9,4.6,,8/5/13,2013,,,Invertebrate,215-080513mm5mem,
Private Ranch,Gyrinidae,216,6.5,-28,11.5,50.8,4.4,,8/5/13,2013,,,Invertebrate,216-080513mm5gyr,
Private Ranch,Hahniidae,218,8,-27.2,11.3,43.6,3.9,,8/5/13,2013,,,Invertebrate,218-080513mm5hah,
Private Ranch,Gerridae,220,6.1,-26.6,12.8,48.8,3.8,,8/5/13,2013,,,Invertebrate,220-080513mm5ger,
Private Ranch,Amphipoda,247,7.2,34.8,4.8,5.7,-26.4,,9/8/13,2013,,,Invertebrate,247,
Private Ranch,Dytiscidae,250,11.3,50.3,4.5,3.7,-29.1,,9/8/13,2013,adult,,Invertebrate,250,
Private Ranch,Elmidae adult,251,10.7,49.1,4.6,3.5,-29.5,,9/8/13,2013,adult,,Invertebrate,251,
Private Ranch,Isopoda,252,7.3,34,4.7,5.6,-27,,9/8/13,2013,,,Invertebrate,252,
Private Ranch,Coenagrionidae,253,11.8,45.7,3.9,6.8,-30.8,,9/8/13,2013,,,Invertebrate,253,
Private Ranch,Baetiscidae,258,9.1,38.2,4.2,5.6,-27.8,,9/8/13,2013,,,Invertebrate,258,
Private Ranch,Ephemeridae,259,5.2,-26.9,9.7,39.6,4.1,,9/8/13,2013,,,Invertebrate,259,
Private Ranch,Decapoda,261,7.4,45.6,6.2,5.8,-28.3,,9/8/13,2013,,,Invertebrate,261,
Private Ranch,Corixidae,262,12.3,50.4,4.1,4.8,-28,,9/8/13,2013,,,Invertebrate,262,
Private Ranch,Tricorythidae,263,10.2,44.4,4.4,5,-26.7,,9/8/13,2013,,,Invertebrate,263,
Private Ranch,Hydropsychidae,264,NA,NA,NA,NA,NA,,9/8/13,2013,,,Invertebrate,264,No detectable sample. Rerun the sample.
Private Ranch,Physidae,265,NA,NA,NA,NA,NA,,9/8/13,2013,,,Invertebrate,265,No sample in tray. Rerun the sample.
Private Ranch,Physidae,265,8.2,33.6,4.1,5.5,-26.8,,9/8/13,2013,,,Invertebrate,265,
Greenbelt,Chironomidae,464,8.4,-29.3,10.8,44,4.1,benthic,8/10/14,2013,,,Invertebrate,464,
Greenbelt,Amphipoda,465,9,-28.1,8.1,35.8,4.4,benthic,8/10/14,2013,,,Invertebrate,465,
Greenbelt,Amphipoda,787,9.5,-26.9,5.7,24.5,4.3,benthic,9/5/14,2013,,,Invertebrate,787,
Greenbelt,Chironomidae,796,9.1,-27.4,8.6,35.6,4.1,benthic,9/5/14,2013,,,Invertebrate,796,
Greenbelt,Decapoda (3-4),802,9,-26.8,7.5,32,4.3,benthic,9/5/14,2013,,,Invertebrate,802,
Greenbelt,Amphipoda,806,9.2,-26.9,6.3,29.2,4.7,benthic,9/5/14,2013,,,Invertebrate,806,
Greenbelt,Chironomidae,807,9.1,-28.4,11.2,46.2,4.1,benthic,9/5/14,2013,,,Invertebrate,807,
Greenbelt,Decapoda (1-2),818,9.2,-27.6,8.4,35.6,4.2,benthic,9/5/14,2013,,,Invertebrate,818,Replicate samples
Greenbelt,Decapoda (1-2),818,9.2,-27.3,7.9,34.6,4.4,benthic,9/5/14,2013,,,Invertebrate,818,Replicate samples
Greenbelt,Amphipoda,823,9,-24.8,6.5,30.8,4.7,benthic,9/5/14,2013,,,Invertebrate,823,
Greenbelt,Chironomidae,828,8.3,-28.7,9.9,42.7,4.3,benthic,9/5/14,2013,,,Invertebrate,828,
Private Ranch,Chironomidae,966,7,-29.7,11.1,47.3,4.3,benthic,9/8/14,2013,,,Invertebrate,966,
Private Ranch,Chironomidae,967,8,-28.6,7.1,38,5.3,benthic,8/8/14,2013,,,Invertebrate,967,
Greenbelt,Chironomidae,968,5.8,-29.5,10,44.1,4.4,benthic,8/10/14,2013,,,Invertebrate,968,
Greenbelt,Chironomidae,970,8.7,-29.1,10.7,45.9,4.3,benthic,8/10/14,2013,,,Invertebrate,970,
Private Ranch,Amphipoda,973,8.7,-27.9,8.5,37.5,4.4,benthic,8/8/14,2013,,,Invertebrate,973,
Private Ranch,Amphipoda,974,8.5,-28.1,9.2,38.6,4.2,benthic,9/8/14,2013,,,Invertebrate,974,
Private Ranch,Amphipoda,975,7,-28.9,8.2,37.2,4.5,benthic,8/8/14,2013,,,Invertebrate,975,
Private Ranch,Amphipoda,976,6.4,-26.7,6.9,33.2,4.8,benthic,9/8/14,2013,,,Invertebrate,976,
Private Ranch,Amphipoda,977,4.8,-27.5,6.5,31.7,4.9,benthic,9/8/14,2013,,,Invertebrate,977,
Private Ranch,Amphipoda,978,6.6,-29,7.5,34.9,4.6,benthic,8/8/14,2013,,,Invertebrate,978,